{
    "nx": 22,
    "ny": 22,
    "dx": 2.5641025641025640e-02,
    "dy": 2.5641025641025640e-02,
    "x0": 0.0000000000000000e+00,
    "y0": 0.0000000000000000e+00,
    "data": [ [
0.0000000000000000e+00,2.5360981071203881e-01,4.9063688889685614e-01,6.9558279374803333e-01,8.5504676954103975e-01,9.5860197809134928e-01,9.9947727627808236e-01,9.7499995938647277e-01,8.8677052070129536e-01,7.4055800038166442e-01,5.4592276641880244e-01,3.1559139282070037e-01,6.4624509735225641e-02,-1.9056796287548494e-01,-4.3329980729618600e-01,-6.4769956634402281e-01,-8.1974832707470235e-01,-9.3819637255958321e-01,-9.9529876481249868e-01,-9.8732176145678074e-01,-9.1478695317003422e-01,-7.8243715854178963e-01],[
0.0000000000000000e+00,2.4169902973866511e-01,4.6759413473564837e-01,6.6291475822559320e-01,8.1488951077648120e-01,9.1358125050343642e-01,9.5253684092114976e-01,9.2920910085187713e-01,8.4512335643717129e-01,7.0577770495121284e-01,5.2028351184526500e-01,3.0076964776905729e-01,6.1589420600436935e-02,-1.8161794134445997e-01,-4.1294988831623813e-01,-6.1728036588165447e-01,-7.8124885913352460e-01,-8.9413399393078807e-01,-9.4855457318415681e-01,-9.4095220967193327e-01,-8.7182399757333684e-01,-7.4569000907365690e-01],[
0.0000000000000000e+00,2.0708546611968670e-01,4.0063027746227203e-01,5.6797915925934483e-01,6.9818970459936225e-01,7.8274786333759694e-01,8.1612464854166789e-01,7.9613765922281321e-01,7.2409378054043794e-01,6.0470373077101225e-01,4.4577404254109154e-01,2.5769661868421373e-01,5.2769239027866024e-02,-1.5560855200652382e-01,-3.5381159865848061e-01,-5.2888003908558501e-01,-6.6936670918401409e-01,-7.6608563595319057e-01,-8.1271267882288056e-01,-8.0619904493182881e-01,-7.4697063991945922e-01,-6.3890021932143704e-01],[
0.0000000000000000e+00,1.5302037085218523e-01,2.9603523019070416e-01,4.1969329482516948e-01,5.1590896031894684e-01,5.7839099274330030e-01,6.0305389229622608e-01,5.8828503103764729e-01,5.3505009746082444e-01,4.4682995321748298e-01,3.2939303073298076e-01,1.9041815390183889e-01,3.8992444409231442e-02,-1.1498285602548228e-01,-2.6143979610444679e-01,-3.9080202601191061e-01,-4.9461096422984258e-01,-5.6607887706777682e-01,-6.0053270680944015e-01,-5.9571962797643296e-01,-5.5195435236439128e-01,-4.7209855104754112e-01],[
0.0000000000000000e+00,8.4582076720115654e-02,1.6363360258768883e-01,2.3198565174117575e-01,2.8516890280212720e-01,3.1970587347285240e-01,3.3333830195612379e-01,3.2517480745480315e-01,2.9574917470467321e-01,2.4698545150171497e-01,1.8207214138463529e-01,1.0525371760983498e-01,2.1553090651651365e-02,-6.3556823811647872e-02,-1.4451096130957994e-01,-2.1601599030528043e-01,-2.7339642617590409e-01,-3.1290034616394252e-01,-3.3194471557882399e-01,-3.2928428415491484e-01,-3.0509300897449754e-01,-2.6095267997181382e-01],[
0.0000000000000000e+00,8.1989906475617609e-03,1.5861875580127797e-02,2.2487603316815544e-02,2.7642938760973148e-02,3.0990791054330787e-02,3.2312254867613042e-02,3.1520923918276919e-02,2.8668540800335283e-02,2.3941613702005246e-02,1.7649221233168678e-02,1.0202802765883230e-02,2.0892557327918341e-03,-6.1609010351539525e-03,-1.4008216234369437e-02,-2.0939579080062626e-02,-2.6501769975576239e-02,-3.0331095088930018e-02,-3.2177167126603096e-02,-3.1919277355992592e-02,-2.9574288362483245e-02,-2.5295531459045419e-02],[
-0.0000000000000000e+00,-6.8954226371674990e-02,-1.3339975692699885e-01,-1.8912270501555636e-01,-2.3247952569251096e-01,-2.6063525544246063e-01,-2.7174888135568687e-01,-2.6509371906059842e-01,-2.4110492828526292e-01,-2.0135105915777662e-01,-1.4843148974167905e-01,-8.5806461037186407e-02,-1.7570822914658370e-02,5.1813714991591882e-02,1.1781032017341458e-01,1.7610368618283659e-01,2.2288219668714757e-01,2.5508715484202238e-01,2.7061278167292790e-01,2.6844390621178760e-01,2.4872234427225598e-01,2.1273762556828252e-01],[
-0.0000000000000000e+00,-1.3963057496696890e-01,-2.7013115424962858e-01,-3.8296872331350212e-01,-4.7076519524012750e-01,-5.2777984017877344e-01,-5.5028465326835996e-01,-5.3680811692448449e-01,-4.8823141865703285e-01,-4.0773083304372332e-01,-3.0057003531763271e-01,-1.7375592651743230e-01,-3.5580474690444175e-02,1.0492147031646681e-01,2.3856293672542558e-01,3.5660553746148599e-01,4.5133084527087691e-01,5.1654507593621490e-01,5.4798407997110687e-01,5.4359216168551250e-01,5.0365649453698402e-01,4.3078834377886827e-01],[
-0.0000000000000000e+00,-1.9719142782533983e-01,-3.8148914032039460e-01,-5.4084250086703156e-01,-6.6483190405708603e-01,-7.4535008028794358e-01,-7.7713220413243644e-01,-7.5810014439611062e-01,-6.8949834645418062e-01,-5.7581246195775371e-01,-4.2447604645198750e-01,-2.4538450300869008e-01,-5.0248053541080112e-02,1.4817395506773820e-01,3.3690734375491393e-01,5.0361144125552715e-01,6.3738600103620069e-01,7.2948393347306961e-01,7.7388325000179925e-01,7.6768082164516283e-01,7.1128220531031827e-01,6.0837512572274155e-01],[
-0.0000000000000000e+00,-2.3623009575671439e-01,-4.5701386283310236e-01,-6.4791495846505398e-01,-7.9645097197953463e-01,-8.9290960961371713e-01,-9.3098375026949831e-01,-9.0818384794340945e-01,-8.2600071515906226e-01,-6.8980804351531755e-01,-5.0851103521904195e-01,-2.9396412046014719e-01,-6.0195834223137124e-02,1.7750846464434827e-01,4.0360605404641381e-01,6.0331313741155568e-01,7.6357150875816204e-01,8.7390238692304534e-01,9.2709158946994563e-01,9.1966124495258572e-01,8.5209719977955078e-01,7.2881725027510691e-01],[
-0.0000000000000000e+00,-2.5307967784809265e-01,-4.8961128685749400e-01,-6.9412878336284356e-01,-8.5325942388799880e-01,-9.5659816597302783e-01,-9.9738802054529052e-01,-9.7296186977406496e-01,-8.8491686135553693e-01,-7.3900997614491148e-01,-5.4478159763340550e-01,-3.1493169685529959e-01,-6.4489421994215687e-02,1.9016960943776925e-01,4.3239405973403799e-01,6.4634564858698262e-01,8.1803476746465786e-01,9.3623521526628894e-01,9.9321824362449451e-01,9.8525791498503779e-01,9.1287472971928119e-01,7.8080159227346957e-01],[
-0.0000000000000000e+00,-2.4615749335680287e-01,-4.7621953732840028e-01,-6.7514311236781333e-01,-8.2992124359116126e-01,-9.3043348516894775e-01,-9.7010766383580815e-01,-9.4634961223196012e-01,-8.6071279319075555e-01,-7.1879672378393256e-01,-5.2988084085062825e-01,-3.0631774836949560e-01,-6.2725520283195835e-02,1.8496812849564911e-01,4.2056730430323114e-01,6.2866693229216031e-01,7.9566004489179842e-01,9.1062749779793628e-01,9.6605193781541920e-01,9.5830933848525413e-01,8.8790596355724227e-01,7.5944526402630796e-01],[
-0.0000000000000000e+00,-2.1611374286539778e-01,-4.1809650087917727e-01,-5.9274126898956592e-01,-7.2862858566736621e-01,-8.1687321488806020e-01,-8.5170512323211212e-01,-8.3084676387331513e-01,-7.5566199806464107e-01,-6.3106691662302827e-01,-4.6520839251034202e-01,-2.6893138292677243e-01,-5.5069812325119073e-02,1.6239259676755166e-01,3.6923667453843173e-01,5.5193754982072996e-01,6.9854899806268622e-01,7.9948456665507805e-01,8.4814440233611088e-01,8.4134679443910609e-01,7.7953621675340323e-01,6.6675426480812350e-01],[
-0.0000000000000000e+00,-1.6577043496035229e-01,-3.2070167258779875e-01,-4.5466325591589146e-01,-5.5889586645053957e-01,-6.2658406792665033e-01,-6.5330194583730639e-01,-6.3730250379524866e-01,-5.7963189402630522e-01,-4.8406101282898722e-01,-3.5683893375386588e-01,-2.0628430071671308e-01,-4.2241398539868628e-02,1.2456353327453436e-01,2.8322365496058433e-01,4.2336468977689834e-01,5.3582326470599695e-01,6.1324607404095222e-01,6.5057068847312216e-01,6.4535657111604949e-01,5.9794465638885264e-01,5.1143505740749140e-01],[
-0.0000000000000000e+00,-9.9856315049807992e-02,-1.9318334576721644e-01,-2.7387873679143931e-01,-3.3666607518806674e-01,-3.7743989817628526e-01,-3.9353413617926136e-01,-3.8389643856716921e-01,-3.4915698349136221e-01,-2.9158727255521327e-01,-2.1495160460600790e-01,-1.2426094030050712e-01,-2.5445251451203993e-02,7.5034220820824157e-02,1.7060744593006838e-01,2.5502519706506982e-01,3.2276766809651969e-01,3.6940539600524835e-01,3.9188888926954962e-01,3.8874802434005212e-01,3.6018817230584627e-01,3.0807677033732606e-01],[
