{
    "nx": 12,
    "ny": 12,
    "dx": 2.5641025641025640e-02,
    "dy": 2.5641025641025640e-02,
    "x0": 0.0000000000000000e+00,
    "y0": 0.0000000000000000e+00,
    "data": [ [
0.0000000000000000e+00,2.5360981071203881e-01,4.9063688889685614e-01,6.9558279374803333e-01,8.5504676954103975e-01,9.5860197809134928e-01,9.9947727627808236e-01,9.7499995938647277e-01,8.8677052070129536e-01,7.4055800038166442e-01,5.4592276641880244e-01,3.1559139282070037e-01],[
0.0000000000000000e+00,2.4169902973866511e-01,4.6759413473564837e-01,6.6291475822559320e-01,8.1488951077648120e-01,9.1358125050343642e-01,9.5253684092114976e-01,9.2920910085187713e-01,8.4512335643717129e-01,7.0577770495121284e-01,5.2028351184526500e-01,3.0076964776905729e-01],[
0.0000000000000000e+00,2.0708546611968670e-01,4.0063027746227203e-01,5.6797915925934483e-01,6.9818970459936225e-01,7.8274786333759694e-01,8.1612464854166789e-01,7.9613765922281321e-01,7.2409378054043794e-01,6.0470373077101225e-01,4.4577404254109154e-01,2.5769661868421373e-01],[
0.0000000000000000e+00,1.5302037085218523e-01,2.9603523019070416e-01,4.1969329482516948e-01,5.1590896031894684e-01,5.7839099274330030e-01,6.0305389229622608e-01,5.8828503103764729e-01,5.3505009746082444e-01,4.4682995321748298e-01,3.2939303073298076e-01,1.9041815390183889e-01],[
0.0000000000000000e+00,8.4582076720115654e-02,1.6363360258768883e-01,2.3198565174117575e-01,2.8516890280212720e-01,3.1970587347285240e-01,3.3333830195612379e-01,3.2517480745480315e-01,2.9574917470467321e-01,2.4698545150171497e-01,1.8207214138463529e-01,1.0525371760983498e-01],[
0.0000000000000000e+00,8.1989906475617609e-03,1.5861875580127797e-02,2.2487603316815544e-02,2.7642938760973148e-02,3.0990791054330787e-02,3.2312254867613042e-02,3.1520923918276919e-02,2.8668540800335283e-02,2.3941613702005246e-02,1.7649221233168678e-02,1.0202802765883230e-02],[
-0.0000000000000000e+00,-6.8954226371674990e-02,-1.3339975692699885e-01,-1.8912270501555636e-01,-2.3247952569251096e-01,-2.6063525544246063e-01,-2.7174888135568687e-01,-2.6509371906059842e-01,-2.4110492828526292e-01,-2.0135105915777662e-01,-1.4843148974167905e-01,-8.5806461037186407e-02],[
-0.0000000000000000e+00,-1.3963057496696890e-01,-2.7013115424962858e-01,-3.8296872331350212e-01,-4.7076519524012750e-01,-5.2777984017877344e-01,-5.5028465326835996e-01,-5.3680811692448449e-01,-4.8823141865703285e-01,-4.0773083304372332e-01,-3.0057003531763271e-01,-1.7375592651743230e-01],[
-0.0000000000000000e+00,-1.9719142782533983e-01,-3.8148914032039460e-01,-5.4084250086703156e-01,-6.6483190405708603e-01,-7.4535008028794358e-01,-7.7713220413243644e-01,-7.5810014439611062e-01,-6.8949834645418062e-01,-5.7581246195775371e-01,-4.2447604645198750e-01,-2.4538450300869008e-01],[
-0.0000000000000000e+00,-2.3623009575671439e-01,-4.5701386283310236e-01,-6.4791495846505398e-01,-7.9645097197953463e-01,-8.9290960961371713e-01,-9.3098375026949831e-01,-9.0818384794340945e-01,-8.2600071515906226e-01,-6.8980804351531755e-01,-5.0851103521904195e-01,-2.9396412046014719e-01],[
0.0000000000000000e+00,1.8647299195674150e-01,3.6075311274462890e-01,5.1144474395393580e-01,6.2869464289101884e-01,7.0483621453158274e-01,7.3489080559256748e-01,7.1689324271029276e-01,6.5202032882696592e-01,5.4451389581876053e-01,4.0140344470744482e-01,2.3204650912299168e-01],[
0.0000000000000000e+00,2.2977355536583044e-01,4.4452295452980695e-01,6.3020642270128002e-01,7.7468271314074322e-01,8.6850498436301804e-01,9.0553849881829418e-01,8.8336175371442560e-01,8.0342481532191412e-01,6.7095450378894805e-01,4.9461262812749490e-01,2.8592961828911018e-01]]}
