{
    "nx": 27,
    "ny": 29,
    "dx": 1.0101010101010102e-02,
    "dy": 1.0101010101010102e-02,
    "x0": 0.0000000000000000e+00,
    "y0": 2.3232323232323235e-01,
    "data": [ [
-0.0000000000000000e+00,-9.4595792083225841e-02,-1.8822723982361728e-01,-2.7993982975972559e-01,-3.6879860997324815e-01,-4.5389772133321327e-01,-5.3436963215757727e-01,-6.0939398215069129e-01,-6.7820594545828206e-01,-7.4010402758388605e-01,-7.9445721668209668e-01,-8.4071141632570989e-01,-8.7839509416876871e-01,-9.0712408892095719e-01,-9.2660552662927531e-01,-9.3664080634297686e-01,-9.3712762472480426e-01,-9.2806101896888438e-01,-9.0953341739340010e-01,-8.8173369719227468e-01,-8.4494525895149553e-01,-7.9954313755916828e-01,-7.4599017896174735e-01,-6.8483232174199793e-01,-6.1669303162002198e-01,-5.4226694561409194e-01,-4.6231279065506392e-01],[
-0.0000000000000000e+00,-9.8125161603314678e-02,-1.9524999917108860e-01,-2.9038438633940494e-01,-3.8255848812877474e-01,-4.7083264779909451e-01,-5.5430696605651797e-01,-6.3213047495827779e-01,-7.0350981299329418e-01,-7.6771731290160306e-01,-8.2409841978239418e-01,-8.7207836386773308e-01,-9.1116801993725594e-01,-9.4096889364080372e-01,-9.6117718389658768e-01,-9.7158687995130300e-01,-9.7209186152961946e-01,-9.6268698066334946e-01,-9.4346811417173315e-01,-9.1463118625783202e-01,-8.7647017118504700e-01,-8.2937409639521054e-01,-7.7382307661957117e-01,-7.1038341941240346e-01,-6.3970185200323693e-01,-5.6249892832129555e-01,-4.7956168340337602e-01],[
-0.0000000000000000e+00,-1.0021460341832913e-01,-1.9940758226174235e-01,-2.9656772677249083e-01,-3.9070455065467807e-01,-4.8085838845634266e-01,-5.6611017875250758e-01,-6.4559083339582413e-01,-7.1849009732121860e-01,-7.8406480858443262e-01,-8.4164647442857876e-01,-8.9064808614550073e-01,-9.3057010325873213e-01,-9.6100554602308697e-01,-9.8164414432606761e-01,-9.9227550069565962e-01,-9.9279123516964829e-01,-9.8318609016086767e-01,-9.6355798405498083e-01,-9.3410701299439480e-01,-8.9513341102449140e-01,-8.4703448939719705e-01,-7.9030058623375610e-01,-7.2551006783733796e-01,-6.5332343261393921e-01,-5.7447657770837823e-01,-4.8977329699778244e-01],[
-0.0000000000000000e+00,-1.0083345622684126e-01,-2.0063897906532160e-01,-2.9839911425861487e-01,-3.9311725898483840e-01,-4.8382782159325410e-01,-5.6960606520117085e-01,-6.4957753480229419e-01,-7.2292697178311027e-01,-7.8890662496944119e-01,-8.4684387347730061e-01,-8.9614808365790211e-01,-9.3631663023459755e-01,-9.6694002025005721e-01,-9.8770606758828716e-01,-9.9840307551486984e-01,-9.9892199479144006e-01,-9.8925753536378136e-01,-9.6950822029058770e-01,-9.3987538136311832e-01,-9.0066110665476951e-01,-8.5226516092399995e-01,-7.9518091026515458e-01,-7.2999029255279946e-01,-6.5735788495270864e-01,-5.7802412897748046e-01,-4.9279778215306558e-01],[
-0.0000000000000000e+00,-9.9972638736247038e-02,-1.9892611957465958e-01,-2.9585167428835563e-01,-3.8976120807622611e-01,-4.7969737256523881e-01,-5.6474332537233207e-01,-6.4403207673332785e-01,-7.1675532791588792e-01,-7.8217171131447727e-01,-8.3961434822477066e-01,-8.8849764725076563e-01,-9.2832327403914028e-01,-9.5868523148317941e-01,-9.7927399860680442e-01,-9.8987968593539510e-01,-9.9039417518639461e-01,-9.8081222146689839e-01,-9.6123150674202584e-01,-9.3185164402899201e-01,-8.9297214246849577e-01,-8.4498935401823416e-01,-7.8839243289507432e-01,-7.2375834895681890e-01,-6.5174600585898490e-01,-5.7308952394827328e-01,-4.8859075636939042e-01],[
-0.0000000000000000e+00,-9.7644782925271012e-02,-1.9429413897216213e-01,-2.8896278901049383e-01,-3.8068564595660470e-01,-4.6852765322651091e-01,-5.5159331704709169e-01,-6.2903583544941077e-01,-7.0006573087985335e-01,-7.6395889842506115e-01,-8.2006398760409782e-01,-8.6780904247513402e-01,-9.0670733236496315e-01,-9.3636231378073942e-01,-9.5647167292038582e-01,-9.6683040757083039e-01,-9.6733291697606638e-01,-9.5797407837014925e-01,-9.3884929920056004e-01,-9.1015354450954866e-01,-8.7217934938868968e-01,-8.2531383676842252e-01,-7.7003477094432593e-01,-7.0690568707193580e-01,-6.3657014628182673e-01,-5.5974517498043141e-01,-4.7721395521878440e-01],[
-0.0000000000000000e+00,-9.3884048677279286e-02,-1.8681100878612975e-01,-2.7783354867147181e-01,-3.6602375103935630e-01,-4.5048257248759804e-01,-5.3034900868532364e-01,-6.0480887176821607e-01,-6.7310309046945760e-01,-7.3453544837178031e-01,-7.8847968139402969e-01,-8.3438586215785249e-01,-8.7178600614992341e-01,-9.0029884252842485e-01,-9.1963370093842645e-01,-9.2959347471253218e-01,-9.3007663024884046e-01,-9.2107824208187439e-01,-9.0269004309459144e-01,-8.7509948935959070e-01,-8.3858784914287066e-01,-7.9352733555153887e-01,-7.4037731205631685e-01,-6.7967960957114260e-01,-6.1205300282928488e-01,-5.3818690236582523e-01,-4.5883432641276450e-01],[
-0.0000000000000000e+00,-8.8745622504544708e-02,-1.7658653944947761e-01,-2.6262726817685234e-01,-3.4599067781039700e-01,-4.2582693105070218e-01,-5.0132214772963479e-01,-5.7170670180451300e-01,-6.3626306720942727e-01,-6.9433313258021279e-01,-7.4532491028406778e-01,-7.8871857135950407e-01,-8.2407174484422596e-01,-8.5102402746763950e-01,-8.6930065773452403e-01,-8.7871531694490546e-01,-8.7917202859550325e-01,-8.7066613679955007e-01,-8.5328435375061795e-01,-8.2720387574658072e-01,-7.9269057678529553e-01,-7.5009629814715018e-01,-6.9985526159547273e-01,-6.4247964275995850e-01,-5.7855434982967369e-01,-5.0873106078356112e-01,-4.3372157994512123e-01],[
-0.0000000000000000e+00,-8.2304907719385090e-02,-1.6377076889770556e-01,-2.4356709054334585e-01,-3.2088039956555509e-01,-3.9492253561872526e-01,-4.6493868589922310e-01,-5.3021507998509754e-01,-5.9008626627463290e-01,-6.4394189584505368e-01,-6.9123294457422635e-01,-7.3147731009475847e-01,-7.6426472652308364e-01,-7.8926094686097392e-01,-8.0621115043253844e-01,-8.1494254062004012e-01,-8.1536610641625595e-01,-8.0747752983546583e-01,-7.9135722993258917e-01,-7.6716954298172235e-01,-7.3516104717163711e-01,-6.9565804889691318e-01,-6.4906325627037764e-01,-5.9585167376829107e-01,-5.3656575985977895e-01,-4.7180989698541637e-01,-4.0224423026004491e-01],[
-0.0000000000000000e+00,-7.4656417935924382e-02,-1.4855176085247107e-01,-2.2093271240930340e-01,-2.9106139452933544e-01,-3.5822288959959980e-01,-4.2173252860468913e-01,-4.8094287089485305e-01,-5.3525030443442534e-01,-5.8410119924521786e-01,-6.2699755131441204e-01,-6.6350205943087404e-01,-6.9324258319475296e-01,-7.1591593675377119e-01,-7.3129097959146183e-01,-7.3921097285871895e-01,-7.3959517722735124e-01,-7.3243967597652715e-01,-7.1781741492127127e-01,-6.9587745877595975e-01,-6.6684347153372403e-01,-6.3101143635333257e-01,-5.8874663819786288e-01,-5.4047993998525989e-01,-4.8670339021306874e-01,-4.2796520683483530e-01,-3.6486418852438846e-01],[
-0.0000000000000000e+00,-6.5912390139674107e-02,-1.3115284509963146e-01,-1.9505627965484196e-01,-2.5697123865868776e-01,-3.1626653821665007e-01,-3.7233770020738616e-01,-4.2461311455531947e-01,-4.7255986643426617e-01,-5.1568916899743855e-01,-5.5356134625057485e-01,-5.8579031527095071e-01,-6.1204752207888358e-01,-6.3206529103800291e-01,-6.4563955363926839e-01,-6.5263192885050725e-01,-6.5297113382362004e-01,-6.4665371057818610e-01,-6.3374406125339011e-01,-6.1437379156889660e-01,-5.8874036918767503e-01,-5.5710511065791879e-01,-5.1979051745591376e-01,-4.7717698828721611e-01,-4.2969894116215240e-01,-3.7784038477863141e-01,-3.2212998435922513e-01],[
-0.0000000000000000e+00,-5.6201137677303205e-02,-1.1182934025901270e-01,-1.6631751336090345e-01,-2.1911018447912498e-01,-2.6966916568147847e-01,-3.1747904009340511e-01,-3.6205241624742607e-01,-4.0293489673126159e-01,-4.3970971048240048e-01,-4.7200196150580209e-01,-4.9948245070173886e-01,-5.2187103184265871e-01,-5.3893946748700250e-01,-5.5051375571574013e-01,-5.5647590397201552e-01,-5.5676513192072652e-01,-5.5137849106564518e-01,-5.4037089480747447e-01,-5.2385455863641761e-01,-5.0199785616614334e-01,-4.7502360267115845e-01,-4.4320678362583993e-01,-4.0687175140123555e-01,-3.6638891869753915e-01,-3.2217098242060621e-01,-2.7466871649770602e-01],[
