{
    "nx": 12,
    "ny": 12,
    "dx": 2.5641025641025640e-02,
    "dy": 2.5641025641025640e-02,
    "x0": 7.1794871794871795e-01,
    "y0": 0.0000000000000000e+00,
    "data": [ [
7.8102276538827620e-01,9.1386845244122827e-01,9.8695921097090700e-01,9.9551587058360280e-01,9.3897893873726701e-01,8.2104518416527439e-01,6.4942591701965569e-01,4.3534277102035152e-01,1.9279395679937408e-01,-6.2361036218441634e-02,-3.1343844098828155e-01,-5.4402111088936977e-01],[
7.4434204287347960e-01,8.7094863421754487e-01,9.4060668636421529e-01,9.4876148258596260e-01,8.9487980689962165e-01,7.8248480935020170e-01,6.1892563852358295e-01,4.1489690427960224e-01,1.8373939149695059e-01,-5.9432251083572148e-02,-2.9871780928730168e-01,-5.1847116753937794e-01],[
6.3774529449952466e-01,7.4622063679055017e-01,8.0590300379624225e-01,8.1288995686145538e-01,7.6672464152328335e-01,6.7042565975985224e-01,5.3028969328368469e-01,3.5547978370974742e-01,1.5742619063814436e-01,-5.0920996379220998e-02,-2.5593862268043954e-01,-4.4422124290528092e-01],[
4.7124514965792702e-01,5.5140015723386659e-01,5.9550087614800296e-01,6.0066370176391470e-01,5.6655105346501211e-01,4.9539344796887641e-01,3.9184365298944979e-01,2.6267245767156705e-01,1.1632595239384394e-01,-3.7626734005600168e-02,-1.8911912888818241e-01,-3.2824563019066777e-01],[
2.6048096198153975e-01,3.0478667737441778e-01,3.2916336898635340e-01,3.3201712309703613e-01,3.1316134187342859e-01,2.7382894440389310e-01,2.1659175007136455e-01,1.4519231552836442e-01,6.4299220914978722e-02,-2.0798193630463351e-02,-1.0453568096703678e-01,-1.8143791523449501e-01],[
2.5249805324851032e-02,2.9544594010896000e-02,3.1907556405471785e-02,3.2184185972529505e-02,3.0356394791468785e-02,2.6543696268281444e-02,2.0995390537057079e-02,1.4074263523394703e-02,6.2328655357079916e-03,-2.0160795487041147e-03,-1.0133199654358906e-02,-1.7587742318544174e-02],[
-2.1235306479197780e-01,-2.4847261218579283e-01,-2.6834533199573535e-01,-2.7067181077927549e-01,-2.5529992754673486e-01,-2.2323480046514790e-01,-1.7657306540342063e-01,-1.1836578363403433e-01,-5.2418942717202648e-02,1.6955404824859657e-02,8.5221092799249887e-02,1.4791444670817300e-01],[
-4.3000961787429881e-01,-5.0315079333989443e-01,-5.4339255137605724e-01,-5.4810361242753192e-01,-5.1697593531437891e-01,-4.5204485905724484e-01,-3.5755601858347591e-01,-2.3968773626942191e-01,-1.0614704124604940e-01,3.4334268529555879e-02,1.7257057055114375e-01,2.9952303617269310e-01],[
-6.0727538039086881e-01,-7.1056803550094316e-01,-7.6739892463271098e-01,-7.7405205812823941e-01,-7.3009240891616078e-01,-6.3839435753730500e-01,-5.0495374561551820e-01,-3.3849582699470865e-01,-1.4990475136047560e-01,4.8488115416579575e-02,2.4371049976456521e-01,4.2299743579403243e-01],[
-7.2749978456211251e-01,-8.5124164330675789e-01,-9.1932353981509862e-01,-9.2729381712412540e-01,-8.7463132435086477e-01,-7.6477949307796600e-01,-6.0492118240109860e-01,-4.0550901479872908e-01,-1.7958191265614964e-01,5.8087475070502458e-02,2.9195870901291671e-01,5.0673969890301807e-01],[
5.7426663203359485e-01,6.7194476468848829e-01,7.2568658322914592e-01,7.3197808242097528e-01,6.9040788130043884e-01,6.0369412205749817e-01,4.7750673943134297e-01,3.2009672185386789e-01,1.4175660576624322e-01,-4.5852520344251503e-02,-2.3046349713854708e-01,-4.0000520465021366e-01],[
7.0761607021852579e-01,8.2797586916901755e-01,8.9419698027113803e-01,9.0194941735448386e-01,8.5072627341010987e-01,7.4387686561485511e-01,5.8838773421803425e-01,3.9442581507123992e-01,1.7467365628507855e-01,-5.6499852935415110e-02,-2.8397901789365487e-01,-4.9288970522142889e-01]]}
