{
    "nx": 22,
    "ny": 22,
    "dx": 2.5641025641025640e-02,
    "dy": 2.5641025641025640e-02,
    "x0": 4.6153846153846151e-01,
    "y0": 4.6153846153846151e-01,
    "data": [ [
-7.3181844994226641e-01,-7.2595315759252099e-01,-6.7262011545088196e-01,-5.7530660017362178e-01,-4.4037563056744911e-01,-2.7664991018762403e-01,-9.4834939035356836e-02,9.3180984768713893e-02,2.7510410268840579e-01,4.3903904523264720e-01,5.7426663203359485e-01,6.7194476468848829e-01,7.2568658322914581e-01,7.3197808242097528e-01,6.9040788130043884e-01,6.0369412205749884e-01,4.7750673943134297e-01,3.2009672185386789e-01,1.4175660576624452e-01,-4.5852520344251503e-02,-2.3046349713854708e-01,-4.0000520465021366e-01],[
-9.0175271690044001e-01,-8.9452545539560169e-01,-8.2880804193659030e-01,-7.0889752751962709e-01,-5.4263447628611983e-01,-3.4089029616790001e-01,-1.1685639237295420e-01,1.1481837631351759e-01,3.3898553944533433e-01,5.4098752483645085e-01,7.0761607021852579e-01,8.2797586916901755e-01,8.9419698027113792e-01,9.0194941735448386e-01,8.5072627341010987e-01,7.4387686561485600e-01,5.8838773421803425e-01,3.9442581507123992e-01,1.7467365628508014e-01,-5.6499852935415110e-02,-2.8397901789365487e-01,-4.9288970522142889e-01],[
-9.8698537808878650e-01,-9.7907500388618007e-01,-9.0714605379351232e-01,-7.7590173127519824e-01,-5.9392368185168176e-01,-3.7311086680897698e-01,-1.2790152826458925e-01,1.2567088119996150e-01,3.7102607460513359e-01,5.9212106238763107e-01,7.7449915205904729e-01,9.0623522498396769e-01,9.7871548165925981e-01,9.8720067045039095e-01,9.3113597206322085e-01,8.1418727739906605e-01,6.4400148670038071e-01,4.3170650325752907e-01,1.9118361548525814e-01,-6.1840156027584581e-02,-3.1082039797834782e-01,-5.3947709050013637e-01],[
-9.7951053218714856e-01,-9.7166006649940106e-01,-9.0027586390729952e-01,-7.7002550858249030e-01,-5.8942565371698796e-01,-3.7028514487272679e-01,-1.2693287742579659e-01,1.2471912396814540e-01,3.6821614165705552e-01,5.8763668623098286e-01,7.6863355167517833e-01,8.9937193317866404e-01,9.7130326708206238e-01,9.7972419405121725e-01,9.2408409666652336e-01,8.0802110253088610e-01,6.3912419876848392e-01,4.2843701248469346e-01,1.8973570339213516e-01,-6.1371815110787473e-02,-3.0846642736282276e-01,-5.3539140877832492e-01],[
-8.8003029124784915e-01,-8.7297712808257577e-01,-8.0884278900880258e-01,-6.9182081286355046e-01,-5.2956289153040759e-01,-3.3267855033623817e-01,-1.1404142520093763e-01,1.1205250314643185e-01,3.3081967751900127e-01,5.2795561368498556e-01,6.9057022473581398e-01,8.0803066254742317e-01,8.7265656563343452e-01,8.8022225336187054e-01,8.3023302966544232e-01,7.2595752963154658e-01,5.7421399393213857e-01,3.8492444592339009e-01,1.7046592234537991e-01,-5.5138821433352685e-02,-2.7713821443670028e-01,-4.8101642801811545e-01],[
-6.9788883133158408e-01,-6.9229547409427361e-01,-6.4143513509281369e-01,-5.4863340885186807e-01,-4.1995830275647217e-01,-2.6382346950129520e-01,-9.0438065312521868e-02,8.8860794050346956e-02,2.6234933095070506e-01,4.1868368611165618e-01,5.4764165720919944e-01,6.4079109591295558e-01,6.9204125903460467e-01,6.9804106269992072e-01,6.5839819898075813e-01,5.7570478765285582e-01,4.5536788579323906e-01,3.0525593765132664e-01,1.3518428230326954e-01,-4.3726639905268663e-02,-2.1977841730459119e-01,-3.8145958853853951e-01],[
-4.5019469432907799e-01,-4.4658652689799916e-01,-4.1377749809244063e-01,-3.5391288513031810e-01,-2.7090704314564384e-01,-1.7018745805453500e-01,-5.8339860650011476e-02,5.7322393222722187e-02,1.6923651956062707e-01,2.7008481240481824e-01,3.5327312517489701e-01,4.1336204077503530e-01,4.4642253764076584e-01,4.5029289586384802e-01,4.2472004512725542e-01,3.7137611216194089e-01,2.9374908574022335e-01,1.9691474827139238e-01,8.7204786661359404e-02,-2.8207216396671390e-02,-1.4177483999820409e-01,-2.4607226129889165e-01],[
-1.6021378313220316e-01,-1.5892972056640806e-01,-1.4725375305269572e-01,-1.2594933467721847e-01,-9.6409493062120238e-02,-6.0565743754943807e-02,-2.0761794618822497e-02,2.0399701711479947e-02,6.0227326942053371e-02,9.6116880334216850e-02,1.2572165904255278e-01,1.4710590149116040e-01,1.5887136061764512e-01,1.6024873076617815e-01,1.5114795011817303e-01,1.3216408954589245e-01,1.0453844283572519e-01,7.0077362466702722e-02,3.1034148012505057e-02,-1.0038289894274176e-02,-5.0454356204543929e-02,-8.7571373903784042e-02],[
1.4481600392988986e-01,1.4365534967194146e-01,1.3310153261391855e-01,1.1384463302094590e-01,8.7143797825696465e-02,5.4744909046902629e-02,1.8766426160912661e-02,-1.8439133172334799e-02,-5.4439016697646746e-02,-8.6879307435883846e-02,-1.1363883876929103e-01,-1.3296789072682405e-01,-1.4360259856398949e-01,-1.4484759282692555e-01,-1.3662146733184841e-01,-1.1946210205444689e-01,-9.4491492882549752e-02,-6.3342387901796651e-02,-2.8051527232405560e-02,9.0735328781234303e-03,4.5605303760714082e-02,7.9155090027002800e-02],[
4.3624322806742105e-01,4.3274687720551819e-01,4.0095459529685640e-01,3.4294517773914202e-01,2.6251167438608008e-01,1.6491337417679519e-01,5.6531917091766318e-02,-5.5545980827911373e-02,-1.6399190512462386e-01,-2.6171492445296818e-01,-3.4232524384907892e-01,-4.0055201293959602e-01,-4.3258796995084597e-01,-4.3633838635131222e-01,-4.1155803443525246e-01,-3.5986722197625309e-01,-2.8464584549612215e-01,-1.9081238966624445e-01,-8.4502323362065992e-02,2.7333078978237581e-02,1.3738125890561814e-01,2.3844651871532480e-01],[
6.8669413881991281e-01,6.8119050348610399e-01,6.3114600481708549e-01,5.3983289215351649e-01,4.1322183721064609e-01,2.5959153099499455e-01,8.8987366738377330e-02,-8.7435396163066614e-02,-2.5814103880046080e-01,-4.1196766643165911e-01,-5.3885704899682618e-01,-6.3051229653845453e-01,-6.8094036623839749e-01,-6.8684392827589513e-01,-6.4783696765432386e-01,-5.6647002448438122e-01,-4.4806342234249341e-01,-3.0035938936748563e-01,-1.3301581878178206e-01,4.3025229786161204e-02,2.1625299650407159e-01,3.7534067302133639e-01],[
8.7264388961948680e-01,8.6564992611632430e-01,8.0205388895247365e-01,6.8601411912869692e-01,5.2511808520587311e-01,3.2988626305889862e-01,1.1308423568464207e-01,-1.1111200734766874e-01,-3.2804299241051965e-01,-5.2352429780482856e-01,-6.8477402762394590e-01,-8.0124857895215973e-01,-8.6533205425979076e-01,-8.7283424052843306e-01,-8.2326459384768724e-01,-7.1986431450892974e-01,-5.6939441530854973e-01,-3.8169364059493555e-01,-1.6903514231551664e-01,5.4676022045113688e-02,2.7481209659876310e-01,4.7697908911908277e-01],[
9.7662622592646786e-01,9.6879887703694600e-01,8.9762487524992440e-01,7.6775806038024474e-01,5.8769000713907360e-01,3.6919478828492297e-01,1.2655910575003121e-01,-1.2435187100019141e-01,-3.6713187753965626e-01,-5.8590630751895711e-01,-7.6637020228544217e-01,-8.9672360627220860e-01,-9.6844312826557732e-01,-9.7683925863318499e-01,-9.2136300132571147e-01,-8.0564177096863332e-01,-6.3724220784823904e-01,-4.2717541955964583e-01,-1.8917699997937387e-01,6.1191097186133692e-02,3.0755810466652078e-01,5.3381487361968205e-01],[
9.8887408999672088e-01,9.8094857836828797e-01,9.0888198382051344e-01,7.7738650994748615e-01,5.9506022425162053e-01,3.7382485807244070e-01,1.2814628279169696e-01,-1.2591136712312948e-01,-3.7173607637498535e-01,-5.9325415526448388e-01,-7.7598124673203184e-01,-9.0796941203355819e-01,-9.8058836815355521e-01,-9.8908979434542876e-01,-9.3291780960345605e-01,-8.1574531993976718e-01,-6.4523385883441764e-01,-4.3253262412166399e-01,-1.9154946768447528e-01,6.1958494395782077e-02,3.1141518914742006e-01,5.4050944298225567e-01],[
9.0823704032387853e-01,9.0095780902711731e-01,8.3476783479237060e-01,7.1399506785009959e-01,5.4653645227022529e-01,3.4334157010457556e-01,1.1769668331751271e-01,-1.1564401229222585e-01,-3.4142311665739727e-01,-5.4487765792209630e-01,-7.1270439584585632e-01,-8.3392967803687290e-01,-9.0062697190373353e-01,-9.0843515521154450e-01,-8.5684367588444776e-01,-7.4922593536918969e-01,-5.9261871272860422e-01,-3.9726205221645905e-01,-1.7592969961012847e-01,5.6906132077072957e-02,2.8602105421135215e-01,4.9643397650649329e-01],[
