{
    "nx": 12,
    "ny": 14,
    "dx": 2.5641025641025640e-02,
    "dy": 2.5641025641025640e-02,
    "x0": 7.1794871794871795e-01,
    "y0": 2.0512820512820512e-01,
    "data": [ [
-5.3885704899682618e-01,-6.3051229653845453e-01,-6.8094036623839760e-01,-6.8684392827589513e-01,-6.4783696765432386e-01,-5.6647002448438055e-01,-4.4806342234249341e-01,-3.0035938936748563e-01,-1.3301581878178087e-01,4.3025229786161204e-02,2.1625299650407159e-01,3.7534067302133639e-01],[
-6.8477402762394590e-01,-8.0124857895215973e-01,-8.6533205425979087e-01,-8.7283424052843306e-01,-8.2326459384768724e-01,-7.1986431450892885e-01,-5.6939441530854973e-01,-3.8169364059493555e-01,-1.6903514231551511e-01,5.4676022045113688e-02,2.7481209659876310e-01,4.7697908911908277e-01],[
-7.7939015569443215e-01,-9.1195814897701100e-01,-9.8489612235599489e-01,-9.9343489556889575e-01,-9.3701614560800950e-01,-8.1932891367207594e-01,-6.4806839058822985e-01,-4.3443275295223616e-01,-1.9239095025880451e-01,6.2230679925692894e-02,3.1278324544231506e-01,5.4288391722658036e-01],[
-7.5807243277694747e-01,-8.8701445294724468e-01,-9.5795744153549722e-01,-9.6626266393937410e-01,-9.1138706828988059e-01,-7.9691879387221420e-01,-6.3034255420038032e-01,-4.2255023559420735e-01,-1.8712871164893330e-01,6.0528558873829470e-02,3.0422806096782051e-01,5.2803506541694545e-01],[
-6.6554898888669611e-01,-7.7875351584065255e-01,-8.4103784683861749e-01,-8.4832940914108923e-01,-8.0015143086362062e-01,-6.9965411556195878e-01,-5.5340866052012183e-01,-3.7097758722524005e-01,-1.6428947874201733e-01,5.3140992094484064e-02,2.6709674381164272e-01,4.6358789568116765e-01],[
-5.1051054834530418e-01,-5.9734428424671004e-01,-6.4511959230371707e-01,-6.5071259827545702e-01,-6.1375759343089886e-01,-5.3667094707042107e-01,-4.2449310788339933e-01,-2.8455902516654086e-01,-1.2601854000296564e-01,4.0761893514629034e-02,2.0487703748542591e-01,3.5559592874797219e-01],[
-3.0751986724298203e-01,-3.5982652187169462e-01,-3.8860527372864151e-01,-3.9197437248574551e-01,-3.6971352357557663e-01,-3.2327829254691909e-01,-2.5570493029963376e-01,-1.7141184237160526e-01,-7.5910683564669748e-02,2.4554031494198790e-02,1.2341323714635281e-01,2.1420284684647922e-01],[
-7.5643854193852542e-02,-8.8510265042606673e-02,-9.5589273396977106e-02,-9.6418005593800343e-02,-9.0942273491387282e-02,-7.9520117658397643e-02,-6.2898396248823638e-02,-4.2163950341498620e-02,-1.8672538886030623e-02,6.0398100287643239e-03,3.0357235127556149e-02,5.2689697937338631e-02],[
1.6333738382078819e-01,1.9111975833879230e-01,2.0640542453032720e-01,2.0819490168428434e-01,1.9637118162608114e-01,1.7170737950710471e-01,1.3581618228333286e-01,9.1044400285062485e-02,4.0319516812563988e-02,-1.3041730612307928e-02,-6.5550221080227830e-02,-1.1377259272560816e-01],[
3.8697634625081162e-01,4.5279790852675011e-01,4.8901246709528834e-01,4.9325206806439298e-01,4.6523949751755422e-01,4.0680640764312337e-01,3.2177355086943221e-01,2.1570095311166479e-01,9.5524361500997690e-02,-3.0898261886425311e-02,-1.5530054697944218e-01,-2.6954822715137733e-01],[
5.7426663203359485e-01,6.7194476468848829e-01,7.2568658322914592e-01,7.3197808242097528e-01,6.9040788130043884e-01,6.0369412205749817e-01,4.7750673943134297e-01,3.2009672185386789e-01,1.4175660576624322e-01,-4.5852520344251503e-02,-2.3046349713854708e-01,-4.0000520465021366e-01],[
7.0761607021852579e-01,8.2797586916901755e-01,8.9419698027113803e-01,9.0194941735448386e-01,8.5072627341010987e-01,7.4387686561485511e-01,5.8838773421803425e-01,3.9442581507123992e-01,1.7467365628507855e-01,-5.6499852935415110e-02,-2.8397901789365487e-01,-4.9288970522142889e-01],[
-6.0727538039086881e-01,-7.1056803550094316e-01,-7.6739892463271098e-01,-7.7405205812823941e-01,-7.3009240891616078e-01,-6.3839435753730500e-01,-5.0495374561551820e-01,-3.3849582699470865e-01,-1.4990475136047560e-01,4.8488115416579575e-02,2.4371049976456521e-01,4.2299743579403243e-01],[
-7.2749978456211251e-01,-8.5124164330675789e-01,-9.1932353981509862e-01,-9.2729381712412540e-01,-8.7463132435086477e-01,-7.6477949307796600e-01,-6.0492118240109860e-01,-4.0550901479872908e-01,-1.7958191265614964e-01,5.8087475070502458e-02,2.9195870901291671e-01,5.0673969890301807e-01]]}
