{
    "nx": 29,
    "ny": 27,
    "dx": 1.0101010101010102e-02,
    "dy": 1.0101010101010102e-02,
    "x0": 2.3232323232323235e-01,
    "y0": 7.3737373737373746e-01,
    "data": [ [
-6.1211849745775160e-01,-5.5121407083663887e-01,-4.8469036497280482e-01,-4.1322554702359804e-01,-3.3754815566270818e-01,-2.5842967408861806e-01,-1.7667666524075054e-01,-9.3122549399815069e-02,-8.6191079945364991e-03,7.5972199771938850e-02,1.5978901895441569e-01,2.4197689002955797e-01,3.2169795957095620e-01,3.9813952163552385e-01,4.7052230278719220e-01,5.3810840629731116e-01,6.0020883453566032e-01,6.5619051286603813e-01,7.0548274344225770e-01,7.4758302311216984e-01,7.8206216611986101e-01,8.0856867938331434e-01,8.2683234574433484e-01,8.3666697866177975e-01,8.3797232026572732e-01,8.3073506342312775e-01,8.1502898739561713e-01,7.9101420570655323e-01,7.5893553388479051e-01],[
-6.5572812630909394e-01,-5.9048463878493473e-01,-5.1922153338557542e-01,-4.4266529245268599e-01,-3.6159635850095329e-01,-2.7684117809966269e-01,-1.8926377677200071e-01,-9.9756950800659869e-02,-9.2331657337364446e-03,8.1384745625126306e-02,1.7117299091419647e-01,2.5921623569321262e-01,3.4461693469977406e-01,4.2650448175629613e-01,5.0404408505002052e-01,5.7644527730819373e-01,6.4296997411256640e-01,7.0293999820377695e-01,7.5574399307009976e-01,8.0084365534087709e-01,8.3777922244933090e-01,8.6617415962149336e-01,8.8573899841036363e-01,8.9627428764386530e-01,8.9767262670354864e-01,8.8991976040605036e-01,8.7309472432568169e-01,8.4736903907667704e-01,8.1300496176888326e-01],[
-6.8971533945542007e-01,-6.2109019995092762e-01,-5.4613343820909899e-01,-4.6560919106468235e-01,-3.8033835234904728e-01,-2.9119020439614651e-01,-1.9907355625825768e-01,-1.0492747897179923e-01,-9.7117323213467693e-03,8.5603019305088679e-02,1.8004510222630543e-01,2.7265173906727513e-01,3.6247886366628251e-01,4.4861074523306160e-01,5.3016932364572600e-01,6.0632316071902603e-01,6.7629591619141916e-01,7.3937426202360934e-01,7.9491515432729054e-01,8.4235238879136687e-01,8.8120237277722591e-01,9.1106905524019799e-01,9.3164796421976415e-01,9.4272931073885546e-01,9.4420012746994797e-01,9.3604542036560301e-01,9.1834832151330970e-01,8.9128924165636791e-01,8.5514403102032899e-01],[
-7.1358139499375595e-01,-6.4258163613973096e-01,-5.6503116343285875e-01,-4.8172055495269345e-01,-3.9349910972424007e-01,-3.0126618965091112e-01,-2.0596205108805940e-01,-1.0855825952340444e-01,-1.0047785080645586e-02,8.8565120183688228e-02,1.8627515999554561e-01,2.8208624222381112e-01,3.7502163341033801e-01,4.6413391595053483e-01,5.4851464641735137e-01,6.2730361656813782e-01,6.9969762262427637e-01,7.6495865342630642e-01,8.2242141399148661e-01,8.7150010777586551e-01,9.1169440849999239e-01,9.4259456065927405e-01,9.6388555672249487e-01,9.7535034843460311e-01,9.7687205948655942e-01,9.6843517699547477e-01,9.5012570964865184e-01,9.2213031089935082e-01,8.8473437615274542e-01],[
-7.2697607291917132e-01,-6.5464357345657131e-01,-5.7563739630986943e-01,-4.9076295954579552e-01,-4.0088550443081739e-01,-3.0692127484301651e-01,-2.0982817674455392e-01,-1.1059601293550453e-01,-1.0236392639591569e-02,9.0227581212813837e-02,1.8977174187275023e-01,2.8738129950569519e-01,3.8206118633287273e-01,4.7284620071865668e-01,5.5881084679151871e-01,6.3907876928978635e-01,7.1283168744993375e-01,7.7931773686204331e-01,8.3785913425250480e-01,8.8785908705632266e-01,9.2880787734031489e-01,9.6028805805544704e-01,9.8197870864578818e-01,9.9365870663084999e-01,9.9520898180958917e-01,9.8661373010588849e-01,9.6796057468112917e-01,9.3943967267141348e-01,9.0134177665568738e-01],[
-7.2970281439262619e-01,-6.5709901022893569e-01,-5.7779649675438183e-01,-4.9260371299735750e-01,-4.0238914557081940e-01,-3.0807247499990686e-01,-2.1061520015996199e-01,-1.1101083640288364e-01,-1.0274787295741477e-02,9.0566006777158176e-02,1.9048353762274836e-01,2.8845920913332701e-01,3.8349422123041471e-01,4.7461975200059620e-01,5.6090683422291288e-01,6.4147582560283600e-01,7.1550537616978060e-01,7.8224080142119412e-01,8.4100177585431890e-01,8.9118926845491930e-01,9.3229164944005627e-01,9.6388990600052282e-01,9.8566191387173485e-01,9.9738572118712021e-01,9.9894181113718750e-01,9.9031432036789957e-01,9.7159120069754501e-01,9.4296332250351300e-01,9.0472252891936999e-01],[
-7.2172160612366543e-01,-6.4991191439961460e-01,-5.7147678126649371e-01,-4.8721580335805081e-01,-3.9798796811525067e-01,-3.0470289695195174e-01,-2.0831157223921090e-01,-1.0979664264075542e-01,-1.0162405630618201e-02,8.9575430685193580e-02,1.8840010207119304e-01,2.8530415343149435e-01,3.7929970917809314e-01,4.6942854399842854e-01,5.5477185135712426e-01,6.3445961014819063e-01,7.0767945401059940e-01,7.7368495289014816e-01,8.3180322242233562e-01,8.8144178356338598e-01,9.2209460253982278e-01,9.5334724954312311e-01,9.7488112357981205e-01,9.8647670040732793e-01,9.8801577044499844e-01,9.7948264384604122e-01,9.6096431044563990e-01,9.3264955295452734e-01,8.9482702243850676e-01],[
-7.0314956754137969e-01,-6.3318775227546076e-01,-5.5677098786844603e-01,-4.7467829495995162e-01,-3.8774655669510338e-01,-2.9686198722954521e-01,-2.0295109733595529e-01,-1.0697124921200424e-01,-9.9008967775378893e-03,8.7270389045044569e-02,1.8355200838120972e-01,2.7796243094423906e-01,3.6953920211645713e-01,4.5734875456605950e-01,5.4049592537631719e-01,6.1813308166602254e-01,6.8946876167125470e-01,7.5377574319808338e-01,8.1039845719344183e-01,8.5875967085748894e-01,8.9836637216735882e-01,9.2881479582329207e-01,9.4979453938080161e-01,9.6109172760750905e-01,9.6259119280603112e-01,9.5427764887590183e-01,9.3623584714570929e-01,9.0864971238684022e-01,8.7180046781662357e-01],[
-6.7425923213725558e-01,-6.0717194087279647e-01,-5.3389491522994825e-01,-4.5517516819504222e-01,-3.7181519786075906e-01,-2.8466480646502512e-01,-1.9461243719402790e-01,-1.0257611706517109e-01,-9.4940982215708514e-03,8.3684706955847579e-02,1.7601039941062371e-01,2.6654177703158177e-01,3.5435592961378498e-01,4.3855764734505659e-01,5.1828854690450255e-01,5.9273582213821185e-01,6.6114053010453844e-01,7.2280532801795316e-01,7.7710158221822478e-01,8.2347577669346672e-01,8.6145515582621557e-01,8.9065254383830628e-01,9.1077029180334423e-01,9.2160331198948198e-01,9.2304116859928864e-01,9.1506920359294097e-01,8.9776868611767946e-01,8.7131598402019106e-01,8.3598076588782688e-01],[
-6.3547454820016636e-01,-5.7224624657036127e-01,-5.0318425595254224e-01,-4.2899261971365571e-01,-3.5042767471728614e-01,-2.6829034094712295e-01,-1.8341795663367794e-01,-9.6675742119979868e-02,-8.9479794867570739e-03,7.8871002144773106e-02,1.6588594373332682e-01,2.5120978291793555e-01,3.3397269705834792e-01,4.1333097052736495e-01,4.8847559585867628e-01,5.5864052106691486e-01,6.2311045906372498e-01,6.8122817955776904e-01,7.3240120910236894e-01,7.7610787098801881e-01,8.1190260340688969e-01,8.3942050167399318e-01,8.5838103819992817e-01,8.6859092229244261e-01,8.6994607063293650e-01,8.6243266834014443e-01,8.4612730980412232e-01,8.2119621785482722e-01,7.8789354922537125e-01],[
-5.8736465763032586e-01,-5.2892318291741669e-01,-4.6508967048266420e-01,-3.9651486266083946e-01,-3.2389783629804247e-01,-2.4797887610487471e-01,-1.6953192792146196e-01,-8.9356708828523285e-02,-8.2705545369328656e-03,7.2899912833540026e-02,1.5332721164454577e-01,2.3219143639172912e-01,3.0868861612340137e-01,3.8203891041651084e-01,4.5149455935712285e-01,5.1634750648036953e-01,5.7593661695882248e-01,6.2965441745440853e-01,6.7695328892534401e-01,7.1735104925632565e-01,7.5043586880059598e-01,7.7587046872303422e-01,7.9339555934481487e-01,8.0283248343788827e-01,8.0408503752255911e-01,7.9714045260118993e-01,7.8206952433006494e-01,7.5902589130239673e-01,7.2824446879992499e-01],[
