{
    "nx": 14,
    "ny": 12,
    "dx": 2.5641025641025640e-02,
    "dy": 2.5641025641025640e-02,
    "x0": 2.0512820512820512e-01,
    "y0": 0.0000000000000000e+00,
    "data": [ [
8.8677052070129536e-01,7.4055800038166442e-01,5.4592276641880244e-01,3.1559139282070037e-01,6.4624509735225641e-02,-1.9056796287548494e-01,-4.3329980729618600e-01,-6.4769956634402281e-01,-8.1974832707470235e-01,-9.3819637255958321e-01,-9.9529876481249868e-01,-9.8732176145678074e-01,-9.1478695317003422e-01,-7.8243715854178963e-01],[
8.4512335643717129e-01,7.0577770495121284e-01,5.2028351184526500e-01,3.0076964776905729e-01,6.1589420600436935e-02,-1.8161794134445997e-01,-4.1294988831623813e-01,-6.1728036588165447e-01,-7.8124885913352460e-01,-8.9413399393078807e-01,-9.4855457318415681e-01,-9.4095220967193327e-01,-8.7182399757333684e-01,-7.4569000907365690e-01],[
7.2409378054043794e-01,6.0470373077101225e-01,4.4577404254109154e-01,2.5769661868421373e-01,5.2769239027866024e-02,-1.5560855200652382e-01,-3.5381159865848061e-01,-5.2888003908558501e-01,-6.6936670918401409e-01,-7.6608563595319057e-01,-8.1271267882288056e-01,-8.0619904493182881e-01,-7.4697063991945922e-01,-6.3890021932143704e-01],[
5.3505009746082444e-01,4.4682995321748298e-01,3.2939303073298076e-01,1.9041815390183889e-01,3.8992444409231442e-02,-1.1498285602548228e-01,-2.6143979610444679e-01,-3.9080202601191061e-01,-4.9461096422984258e-01,-5.6607887706777682e-01,-6.0053270680944015e-01,-5.9571962797643296e-01,-5.5195435236439128e-01,-4.7209855104754112e-01],[
2.9574917470467321e-01,2.4698545150171497e-01,1.8207214138463529e-01,1.0525371760983498e-01,2.1553090651651365e-02,-6.3556823811647872e-02,-1.4451096130957994e-01,-2.1601599030528043e-01,-2.7339642617590409e-01,-3.1290034616394252e-01,-3.3194471557882399e-01,-3.2928428415491484e-01,-3.0509300897449754e-01,-2.6095267997181382e-01],[
2.8668540800335283e-02,2.3941613702005246e-02,1.7649221233168678e-02,1.0202802765883230e-02,2.0892557327918341e-03,-6.1609010351539525e-03,-1.4008216234369437e-02,-2.0939579080062626e-02,-2.6501769975576239e-02,-3.0331095088930018e-02,-3.2177167126603096e-02,-3.1919277355992592e-02,-2.9574288362483245e-02,-2.5295531459045419e-02],[
-2.4110492828526292e-01,-2.0135105915777662e-01,-1.4843148974167905e-01,-8.5806461037186407e-02,-1.7570822914658370e-02,5.1813714991591882e-02,1.1781032017341458e-01,1.7610368618283659e-01,2.2288219668714757e-01,2.5508715484202238e-01,2.7061278167292790e-01,2.6844390621178760e-01,2.4872234427225598e-01,2.1273762556828252e-01],[
-4.8823141865703285e-01,-4.0773083304372332e-01,-3.0057003531763271e-01,-1.7375592651743230e-01,-3.5580474690444175e-02,1.0492147031646681e-01,2.3856293672542558e-01,3.5660553746148599e-01,4.5133084527087691e-01,5.1654507593621490e-01,5.4798407997110687e-01,5.4359216168551250e-01,5.0365649453698402e-01,4.3078834377886827e-01],[
-6.8949834645418062e-01,-5.7581246195775371e-01,-4.2447604645198750e-01,-2.4538450300869008e-01,-5.0248053541080112e-02,1.4817395506773820e-01,3.3690734375491393e-01,5.0361144125552715e-01,6.3738600103620069e-01,7.2948393347306961e-01,7.7388325000179925e-01,7.6768082164516283e-01,7.1128220531031827e-01,6.0837512572274155e-01],[
-8.2600071515906226e-01,-6.8980804351531755e-01,-5.0851103521904195e-01,-2.9396412046014719e-01,-6.0195834223137124e-02,1.7750846464434827e-01,4.0360605404641381e-01,6.0331313741155568e-01,7.6357150875816204e-01,8.7390238692304534e-01,9.2709158946994563e-01,9.1966124495258572e-01,8.5209719977955078e-01,7.2881725027510691e-01],[
6.5202032882696592e-01,5.4451389581876053e-01,4.0140344470744482e-01,2.3204650912299168e-01,4.7516796176895880e-02,-1.4011988774693740e-01,-3.1859458139236663e-01,-4.7623739667702292e-01,-6.0274057526394031e-01,-6.8983247983569607e-01,-7.3181844994226641e-01,-7.2595315759252099e-01,-6.7262011545088196e-01,-5.7530660017362178e-01],[
8.0342481532191412e-01,6.7095450378894805e-01,4.9461262812749490e-01,2.8592961828911018e-01,5.8550587313425405e-02,-1.7265687887146541e-01,-3.9257486523192975e-01,-5.8682363962944295e-01,-7.4270189740812242e-01,-8.5001725898968739e-01,-9.0175271690044001e-01,-8.9452545539560169e-01,-8.2880804193659030e-01,-7.0889752751962709e-01]]}
