{
    "nx": 27,
    "ny": 27,
    "dx": 1.0101010101010102e-02,
    "dy": 1.0101010101010102e-02,
    "x0": 0.0000000000000000e+00,
    "y0": 7.3737373737373746e-01,
    "data": [ [
-0.0000000000000000e+00,-8.4551841782994325e-02,-1.6824173095156450e-01,-2.5021650195368317e-01,-3.2964047378356648e-01,-4.0570396922161656e-01,-4.7763156898219178e-01,-5.4469001662338046e-01,-6.0619569363321779e-01,-6.6152158848856524e-01,-7.1010368864149587e-01,-7.5144673027092690e-01,-7.8512924718441057e-01,-8.1080786739971988e-01,-8.2822081360529487e-01,-8.3719057181456569e-01,-8.3762570100890776e-01,-8.2952176532106159e-01,-8.1296137925599810e-01,-7.8811336548822852e-01,-7.5523103382128542e-01,-7.1464959885429524e-01,-6.6678276268089942e-01,-6.1211849745775160e-01,-5.5121407083663887e-01,-4.8469036497280482e-01,-4.1322554702359804e-01],[
-0.0000000000000000e+00,-9.0575633669970096e-02,-1.8022790597253996e-01,-2.6804286862614995e-01,-3.5312530356045813e-01,-4.3460784909904548e-01,-5.1165984216378335e-01,-5.8349578636017319e-01,-6.4938335961688021e-01,-7.0865087974663221e-01,-7.6069415182180877e-01,-8.0498262756004901e-01,-8.4106481392883681e-01,-8.6857287583175258e-01,-8.8722638595491432e-01,-8.9683518354629355e-01,-8.9730131298445526e-01,-8.8862002237423721e-01,-8.7087981198932096e-01,-8.4426153206784760e-01,-8.0903653915848528e-01,-7.6556392981183596e-01,-7.1428687981794725e-01,-6.5572812630909394e-01,-5.9048463878493473e-01,-5.1922153338557542e-01,-4.4266529245268599e-01],[
-0.0000000000000000e+00,-9.5270282631777378e-02,-1.8956934491566277e-01,-2.8193586748167776e-01,-3.7142823198145597e-01,-4.5713412029247119e-01,-5.3817981502497314e-01,-6.1373910651883656e-01,-6.8304171552911785e-01,-7.4538114573636227e-01,-8.0012188603027656e-01,-8.4670588914403755e-01,-8.8465826059365171e-01,-9.1359209992722168e-01,-9.3321244493064326e-01,-9.4331927858104647e-01,-9.4380956809399053e-01,-9.3467831527761325e-01,-9.1601860748604080e-01,-8.8802066865261575e-01,-8.5096992007706451e-01,-8.0524407073565074e-01,-7.5130926677676646e-01,-6.8971533945542007e-01,-6.2109019995092762e-01,-5.4613343820909899e-01,-4.6560919106468235e-01],[
-0.0000000000000000e+00,-9.8566897519650143e-02,-1.9612896778514310e-01,-2.9169162712141466e-01,-3.8428067458476894e-01,-4.7295222332608311e-01,-5.5680232292096798e-01,-6.3497617457330735e-01,-7.0667684524899532e-01,-7.7117339190478640e-01,-8.2780831299087465e-01,-8.7600425126384041e-01,-9.1526987957902350e-01,-9.4520490966038440e-01,-9.6550417278661116e-01,-9.7596073079345347e-01,-9.7646798567758242e-01,-9.6702076629589395e-01,-9.4771538108204689e-01,-9.1874863624282088e-01,-8.8041582944316343e-01,-8.3310773943303928e-01,-7.7730664230493485e-01,-7.1358139499375595e-01,-6.4258163613973096e-01,-5.6503116343285875e-01,-4.8172055495269345e-01],[
-0.0000000000000000e+00,-1.0041710249366674e-01,-1.9981051606226594e-01,-2.9716698764264282e-01,-3.9149402950844853e-01,-4.8183003705554206e-01,-5.6725409175347075e-01,-6.4689534932813153e-01,-7.1994191746902114e-01,-7.8564913255845803e-01,-8.4334715104675095e-01,-8.9244777808403797e-01,-9.3245046379521102e-01,-9.6294740606968754e-01,-9.8362770784631448e-01,-9.9428054651250786e-01,-9.9479732310761004e-01,-9.8517276942068854e-01,-9.6550500169661946e-01,-9.3599452040295217e-01,-8.9694216625430156e-01,-8.4874605333130748e-01,-7.9189751055907687e-01,-7.2697607291917132e-01,-6.5464357345657131e-01,-5.7563739630986943e-01,-4.9076295954579552e-01],[
-0.0000000000000000e+00,-1.0079374690909318e-01,-2.0055996524123496e-01,-2.9828160142421212e-01,-3.9296244510923178e-01,-4.8363728490610741e-01,-5.6938174810364495e-01,-6.4932172406549404e-01,-7.2264227523589863e-01,-7.8859594491327012e-01,-8.4651037709908183e-01,-8.9579517074253745e-01,-9.3594789850631921e-01,-9.6655922869590205e-01,-9.8731709813759860e-01,-9.9800989346548041e-01,-9.9852860838596469e-01,-9.8886795492811641e-01,-9.6912641735117155e-01,-9.3950524815972802e-01,-9.0030641646159548e-01,-8.5192952958349899e-01,-7.9486775932682019e-01,-7.2970281439262619e-01,-6.5709901022893569e-01,-5.7779649675438183e-01,-4.9260371299735750e-01],[
-0.0000000000000000e+00,-9.9691303735758310e-02,-1.9836631760628895e-01,-2.9501911217953608e-01,-3.8866437327171616e-01,-4.7834744660298500e-01,-5.6315406989475292e-01,-6.4221969319606276e-01,-7.1473829242419185e-01,-7.7997058627099936e-01,-8.3725157270884820e-01,-8.8599730826618606e-01,-9.2571086096235300e-01,-9.5598737621520535e-01,-9.7651820407782841e-01,-9.8709404572976711e-01,-9.8760708714628398e-01,-9.7805209819423244e-01,-9.5852648594996182e-01,-9.2922930169570650e-01,-8.9045921171750719e-01,-8.4261145259109604e-01,-7.8617380199468356e-01,-7.2172160612366543e-01,-6.4991191439961460e-01,-5.7147678126649371e-01,-4.8721580335805081e-01],[
-0.0000000000000000e+00,-9.7125950663895816e-02,-1.9326176361656303e-01,-2.8742739497525549e-01,-3.7866288561398709e-01,-4.6603814734040161e-01,-5.4866244455734470e-01,-6.2569347474958703e-01,-6.9634595522587239e-01,-7.5989962857988247e-01,-8.1570660525949656e-01,-8.6319796839149565e-01,-9.0188957352969179e-01,-9.3138698420171651e-01,-9.5138949293968589e-01,-9.6169318680287419e-01,-9.6219302614133073e-01,-9.5288391540875483e-01,-9.3386075510837308e-01,-9.0531747434225740e-01,-8.6754505382663805e-01,-8.2092855952731780e-01,-7.6594321715540170e-01,-7.0314956754137969e-01,-6.3318775227546076e-01,-5.5677098786844603e-01,-4.7467829495995162e-01],[
-0.0000000000000000e+00,-9.3135332706274415e-02,-1.8532120953047029e-01,-2.7561785369344266e-01,-3.6310474794957365e-01,-4.4689001867858824e-01,-5.2611952797370409e-01,-5.9998558103802102e-01,-6.6773516012274281e-01,-7.2867760106743551e-01,-7.8219163418484050e-01,-8.2773171771287135e-01,-8.6483359926825287e-01,-8.9311904860629332e-01,-9.1229971343929595e-01,-9.2218005900597644e-01,-9.2265936142483174e-01,-9.1373273451048342e-01,-8.9549117958525115e-01,-8.6812065777815828e-01,-8.3190019426869555e-01,-7.8719903380138045e-01,-7.3447287646884341e-01,-6.7425923213725558e-01,-6.0717194087279647e-01,-5.3389491522994825e-01,-4.5517516819504222e-01],[
-0.0000000000000000e+00,-8.7778009780285632e-02,-1.7466117820142912e-01,-2.5976378624666124e-01,-3.4221826658744103e-01,-4.2118404788431563e-01,-4.9585612388072625e-01,-5.6547325993326003e-01,-6.2932575331795715e-01,-6.8676266820125287e-01,-7.3719847151959594e-01,-7.8011900211914176e-01,-8.1508671230391327e-01,-8.4174512835815707e-01,-8.5982248457068566e-01,-8.6913449371462514e-01,-8.6958622573927669e-01,-8.6117307552201394e-01,-8.4398080981460022e-01,-8.1818469290533336e-01,-7.8404769991034395e-01,-7.4191783590841121e-01,-6.9222458824902400e-01,-6.3547454820016636e-01,-5.7224624657036127e-01,-5.0318425595254224e-01,-4.2899261971365571e-01],[
-0.0000000000000000e+00,-8.1132597376392251e-02,-1.6143809917510227e-01,-2.4009784153537467e-01,-3.1630993807428032e-01,-3.8929745461182746e-01,-4.5831632952412715e-01,-5.2266295898161452e-01,-5.8168136974561535e-01,-6.3476990640112696e-01,-6.8138736485370022e-01,-7.2105850956329642e-01,-7.5337891827040548e-01,-7.7801910482550185e-01,-7.9472787809219891e-01,-8.0333490268220287e-01,-8.0375243541699382e-01,-7.9597621981410160e-01,-7.8008552947925613e-01,-7.5624235996205502e-01,-7.2468977731367012e-01,-6.8574944018200445e-01,-6.3981832070497202e-01,-5.8736465763032586e-01,-5.2892318291741669e-01,-4.6508967048266420e-01,-3.9651486266083946e-01],[
-0.0000000000000000e+00,-7.3296612923107546e-02,-1.4584601317993565e-01,-2.1690860546531315e-01,-2.8575995154210099e-01,-3.5169815543138205e-01,-4.1405101879856937e-01,-4.7218289359079002e-01,-5.2550116206723663e-01,-5.7346227816267048e-01,-6.1557730859619075e-01,-6.5141691723716788e-01,-6.8061574191587737e-01,-7.0287611906001612e-01,-7.1797111818678416e-01,-7.2574685531580096e-01,-7.2612406171907595e-01,-7.1909889201561383e-01,-7.0474296337264586e-01,-6.8320262541385091e-01,-6.5469746827739317e-01,-6.1951808403318154e-01,-5.7802310428028825e-01,-5.3063554412434832e-01,-4.7783848980578286e-01,-4.2017017394074879e-01,-3.5821848857962768e-01],[
