{
    "nx": 14,
    "ny": 12,
    "dx": 2.5641025641025640e-02,
    "dy": 2.5641025641025640e-02,
    "x0": 2.0512820512820512e-01,
    "y0": 7.1794871794871795e-01,
    "data": [ [
-6.1181641188771907e-01,-5.1093888216980299e-01,-3.7665269686008990e-01,-2.1773839913567450e-01,-4.4586885494276626e-02,1.3148002165771694e-01,2.9894987167812082e-01,4.4687234793105451e-01,5.6557527388841189e-01,6.4729704574700053e-01,6.8669413881991281e-01,6.8119050348610399e-01,6.3114600481708549e-01,5.3983289215351649e-01],[
-7.7749003991827159e-01,-6.4929590670558990e-01,-4.7864639559688510e-01,-2.7669973107358264e-01,-5.6660558149817082e-02,1.6708346703499979e-01,3.7990243992872841e-01,5.6788081012617486e-01,7.1872727460110719e-01,8.2257846660899092e-01,8.7264388961948680e-01,8.6564992611632430e-01,8.0205388895247365e-01,6.8601411912869692e-01],[
-8.7013405171713076e-01,-7.2666458611414786e-01,-5.3568085268886345e-01,-3.0967066553470679e-01,-6.3412106270373567e-02,1.8699276734322237e-01,4.2517078334168351e-01,6.3554824478450878e-01,8.0436924387354469e-01,9.2059511666668370e-01,9.7662622592646819e-01,9.6879887703694634e-01,8.9762487524992474e-01,7.6775806038024508e-01],[
-8.8104639802261686e-01,-7.3577768264905752e-01,-5.4239882328457034e-01,-3.1355424362971007e-01,-6.4207357142600729e-02,1.8933784259897593e-01,4.3050284777203579e-01,6.4351865178932155e-01,8.1445683408945280e-01,9.3214029490718775e-01,9.8887408999672077e-01,9.8094857836828786e-01,9.0888198382051344e-01,7.7738650994748615e-01],[
-8.0920208247212644e-01,-6.7577920342493547e-01,-4.9816928860656690e-01,-2.8798568098410243e-01,-5.8971612875818515e-02,1.7389841995351757e-01,3.9539779256707153e-01,5.9104337104866833e-01,7.4804251820109247e-01,8.5612956308314136e-01,9.0823704032387853e-01,9.0095780902711731e-01,8.3476783479237060e-01,7.1399506785009959e-01],[
-6.6134943947986324e-01,-5.5230480380359659e-01,-4.0714672752635167e-01,-2.3536663192364357e-01,-4.8196666772653142e-02,1.4212472391487480e-01,3.2315303451386684e-01,4.8305140411547320e-01,6.1136459091655737e-01,6.9970260696490350e-01,7.4228931257568442e-01,7.3634009958892332e-01,6.8224396797047282e-01,5.8353809035126347e-01],[
-4.5137626338683307e-01,-3.7695243045421217e-01,-2.7788088648802323e-01,-1.6063960215524320e-01,-3.2894609198807524e-02,9.7001256803113597e-02,2.2055452157894626e-01,3.2968643321885532e-01,4.1726120586413190e-01,4.7755260586935205e-01,5.0661837186390335e-01,5.0255798658533013e-01,4.6563694561064894e-01,3.9826939745166495e-01],[
-1.9900532835312146e-01,-1.6619292656902243e-01,-1.2251370208010513e-01,-7.0823699353508143e-02,-1.4502761965234650e-02,4.2766464536540316e-02,9.7239329018434503e-02,1.4535402549526627e-01,1.8396448820536987e-01,2.1054610276542832e-01,2.2336078261185952e-01,2.2157061690943725e-01,2.0529265885472084e-01,1.7559127194276919e-01],[
7.2058171229991849e-02,6.0177073945850666e-02,4.4361190705625414e-02,2.5644671413525520e-02,5.2513292666432256e-03,-1.5485380466834418e-02,-3.5209550812964271e-02,-5.2631481502450998e-02,-6.6612008336873418e-02,-7.6236989483808096e-02,-8.0877078280793213e-02,-8.0228874196094993e-02,-7.4334761216868425e-02,-6.3580136496107359e-02],[
3.3635324894131247e-01,2.8089464370203060e-01,2.0706923817311465e-01,1.1970423896050190e-01,2.4512163297323364e-02,-7.2282684145392281e-02,-1.6435119858794814e-01,-2.4567331501435305e-01,-3.1093164092523834e-01,-3.5585914358746101e-01,-3.7751815762572649e-01,-3.7449246954422644e-01,-3.4697991938718242e-01,-2.9677946461256927e-01],[
5.6905467602394100e-01,4.7522778796350901e-01,3.5032727828261856e-01,2.0251999091659209e-01,4.1470570561481603e-02,-1.2229047746071865e-01,-2.7805534318751179e-01,-4.1563906138338841e-01,-5.2604547376670707e-01,-6.0205545896080492e-01,-6.3869896769852985e-01,-6.3357999841136858e-01,-5.8703326409116330e-01,-5.0210230648056398e-01],[
7.4830481438106144e-01,6.2492280029308589e-01,4.6067908760470005e-01,2.6631304617364898e-01,5.4533648371216638e-02,-1.6081152988006456e-01,-3.6564175770491253e-01,-5.4656384312872208e-01,-6.9174787096632540e-01,-7.9170072305286832e-01,-8.3988680280858663e-01,-8.3315537694804176e-01,-7.7194659182936831e-01,-6.6026269369489177e-01]]}
