{
    "nx": 27,
    "ny": 27,
    "dx": 1.0101010101010102e-02,
    "dy": 1.0101010101010102e-02,
    "x0": 7.3737373737373746e-01,
    "y0": 7.3737373737373746e-01,
    "data": [ [
-7.4364032061386065e-01,-7.7891244638582169e-01,-8.0624405181651249e-01,-8.2535650845431463e-01,-8.3605497687740638e-01,-8.3823039295858282e-01,-8.3186057970513638e-01,-8.1701047333928789e-01,-7.9383146131442239e-01,-7.6255983901563407e-01,-7.2351440087754915e-01,-6.7709319047644745e-01,-6.2376944272745716e-01,-5.6408675955353826e-01,-4.9865356820728191e-01,-4.2813691873942422e-01,-3.5325568384495704e-01,-2.7477323041013291e-01,-1.9348963746927925e-01,-1.1023353990447489e-01,-2.5853681036377432e-02,5.8789739777763882e-02,1.4283383633315114e-01,2.2542183215720896e-01,3.0571179480447336e-01,3.8288521882602311e-01,4.5615536991546474e-01],[
-7.9662005985642781e-01,-8.3440510481005303e-01,-8.6368391682524348e-01,-8.8415801690932860e-01,-8.9561868454572069e-01,-8.9794908546772667e-01,-8.9112546271009296e-01,-8.7521737879625794e-01,-8.5038700659236921e-01,-8.1688747605735967e-01,-7.7506029374292362e-01,-7.2533186134995276e-01,-6.6820912883256545e-01,-6.0427442636356488e-01,-5.3417952784619638e-01,-4.5863900649094208e-01,-3.7842295019303690e-01,-2.9434911097286220e-01,-2.0727456851067200e-01,-1.1808699276069344e-01,-2.7695594716686082e-02,6.2978142419773953e-02,1.5300985717841570e-01,2.4148173310154200e-01,3.2749185530300612e-01,4.1016340492073483e-01,4.8865359773112260e-01],[
-8.3790987904319403e-01,-8.7765337037887514e-01,-9.0844974002916756e-01,-9.2998503845997271e-01,-9.4203972690793158e-01,-9.4449091543942809e-01,-9.3731361573583327e-01,-9.2058099583362685e-01,-8.9446363422248742e-01,-8.5922778090534579e-01,-8.1523264314780153e-01,-7.6292672358696156e-01,-7.0284324803038689e-01,-6.3559472955582330e-01,-5.6186672432731022e-01,-4.8241084278316659e-01,-3.9803708744236649e-01,-3.0960559544055843e-01,-2.1801786997531633e-01,-1.2420759005054419e-01,-2.9131092208838139e-02,6.6242378715429789e-02,1.6094055043490776e-01,2.5399803491104778e-01,3.4446616987529638e-01,4.3142268984165150e-01,5.1398112802067764e-01],[
-8.6690387492148591e-01,-9.0802260081734620e-01,-9.3988460990815514e-01,-9.6216508913889742e-01,-9.7463690309869921e-01,-9.7717290952285540e-01,-9.6974725542790174e-01,-9.5243564066644915e-01,-9.2541454621500718e-01,-8.8895943506191333e-01,-8.4344194403618256e-01,-7.8932609520479979e-01,-7.2716356546088212e-01,-6.5758806252624846e-01,-5.8130886470152066e-01,-4.9910359022191281e-01,-4.1181026993054715e-01,-3.2031880408341407e-01,-2.2556189037841323e-01,-1.2850551569153357e-01,-3.0139108450868455e-02,6.8534547961168465e-02,1.6650953795094969e-01,2.6278706838767241e-01,3.5638565066836209e-01,4.4635110637417175e-01,5.3176629451658808e-01],[
-8.8317657804734240e-01,-9.2506714594180650e-01,-9.5752723866094747e-01,-9.8022594606497648e-01,-9.9293186917099374e-01,-9.9551547911943838e-01,-9.8795043763898782e-01,-9.7031386554859511e-01,-9.4278555655945850e-01,-9.0564614439171276e-01,-8.5927424189093504e-01,-8.0414258130935501e-01,-7.4081319509918075e-01,-6.6993168634678557e-01,-5.9222064725708168e-01,-5.0847229278246597e-01,-4.1954038449182479e-01,-3.2633152701068313e-01,-2.2979592575974928e-01,-1.3091770021092197e-01,-3.0704851410943923e-02,6.9821013952496361e-02,1.6963509818557751e-01,2.6771985975346718e-01,3.6307538647346121e-01,4.5472958898803978e-01,5.4174811060177852e-01],[
-8.8648919629360123e-01,-9.2853688730817818e-01,-9.6111873132608472e-01,-9.8390257702995332e-01,-9.9665615750570025e-01,-9.9924945805698606e-01,-9.9165604162291376e-01,-9.7395331828716392e-01,-9.4632175613109248e-01,-9.0904304147564452e-01,-8.6249720726726042e-01,-8.0715875888205346e-01,-7.4359183684325936e-01,-6.7244446576496930e-01,-5.9444194815055917e-01,-5.1037947039185438e-01,-4.2111399634618668e-01,-3.2755553113123526e-01,-2.3065784419770277e-01,-1.3140874625228754e-01,-3.0820019151530341e-02,7.0082898575051344e-02,1.7027136542298302e-01,2.6872402326317663e-01,3.6443720944283686e-01,4.5643518849219106e-01,5.4378009913121106e-01],[
-8.7679311898068590e-01,-9.1838090854963716e-01,-9.5060638490969096e-01,-9.7314102968662897e-01,-9.8575511641239411e-01,-9.8832005244130783e-01,-9.8080968987086048e-01,-9.6330059210305918e-01,-9.3597125332891051e-01,-8.9910027889289967e-01,-8.5306354508750470e-01,-7.9833036733183638e-01,-7.3545871579741962e-01,-6.6508952725476578e-01,-5.8794017112788821e-01,-5.0479713636620061e-01,-4.1650801368650509e-01,-3.2397285492107913e-01,-2.2813499755780914e-01,-1.2997144801043342e-01,-3.0482921655330515e-02,6.9316358829572211e-02,1.6840900282429647e-01,2.6578482342149634e-01,3.6045113564381615e-01,4.5144287624015356e-01,5.3783244189585455e-01],[
-8.5423063020907797e-01,-8.9474824254365926e-01,-9.2614446177019594e-01,-9.4809922326709306e-01,-9.6038871211001331e-01,-9.6288764472364063e-01,-9.5557054606858927e-01,-9.3851200934333612e-01,-9.1188593555368458e-01,-8.7596376070186521e-01,-8.3111168866796459e-01,-7.7778695799270026e-01,-7.1653318061934768e-01,-6.4797480011337927e-01,-5.7281072585478676e-01,-4.9180720809846629e-01,-4.0579002653691221e-01,-3.1563607199791888e-01,-2.2226440709652356e-01,-1.2662689697224305e-01,-2.9698505625271151e-02,6.7532643225600389e-02,1.6407533944007849e-01,2.5894539121759996e-01,3.5117565831099729e-01,4.3982591141037464e-01,5.2399241718695966e-01],[
-8.1913282092575768e-01,-8.5798568444421808e-01,-8.8809192591104769e-01,-9.0914463121301503e-01,-9.2092918131884882e-01,-9.2332544018468099e-01,-9.1630897946512413e-01,-8.9995132754481988e-01,-8.7441924035174368e-01,-8.3997300138586017e-01,-7.9696376829326787e-01,-7.4582999303582409e-01,-6.8709295215037614e-01,-6.2135143266375903e-01,-5.4927562783732164e-01,-4.7160030497000155e-01,-3.8911731490986584e-01,-3.0266751963494881e-01,-2.1313222019655870e-01,-1.2142417241180126e-01,-2.8478281894613936e-02,6.4757926716370900e-02,1.5733396917294765e-01,2.4830609120382535e-01,3.3674688949322834e-01,4.2175476597185807e-01,5.0246311903965180e-01],[
-7.7201473036376644e-01,-8.0863270267156029e-01,-8.3700717539994285e-01,-8.5684888872398901e-01,-8.6795556891064229e-01,-8.7021399037164116e-01,-8.6360112992686644e-01,-8.4818440151111829e-01,-8.2412096893163755e-01,-7.9165614368237225e-01,-7.5112088414826617e-01,-7.0292842169359082e-01,-6.4757004802923657e-01,-5.8561010680406977e-01,-5.1768024047793859e-01,-4.4447295112581564e-01,-3.6673454081659868e-01,-2.8525750353497703e-01,-2.0087244620587658e-01,-1.1443962118157698e-01,-2.6840156512403238e-02,6.1032926597122471e-02,1.4828381757532244e-01,2.3402304870625670e-01,3.1737656269118597e-01,3.9749462311058875e-01,4.7356047695016257e-01],[
-7.1356778815136712e-01,-7.4741352253774151e-01,-7.7363984821317644e-01,-7.9197940435493785e-01,-8.0224523077350951e-01,-8.0433267385361651e-01,-7.9822045343172365e-01,-7.8397087973385882e-01,-7.6172921816222161e-01,-7.3172220840617286e-01,-6.9425575297433850e-01,-6.4971179871177287e-01,-5.9854444309316035e-01,-5.4127530498591414e-01,-4.7848820707533979e-01,-4.1082322416117018e-01,-3.3897015799931901e-01,-2.6366150520874537e-01,-1.8566498993114175e-01,-1.0577573736830198e-01,-2.4808167982970628e-02,5.6412305003289927e-02,1.3705769017646421e-01,2.1630585877950601e-01,2.9334892579565519e-01,3.6740148582584142e-01,4.3770861980057074e-01],[
-6.4464966799827217e-01,-6.7522649867592832e-01,-6.9891982174938705e-01,-7.1548809875730923e-01,-7.2476242658200674e-01,-7.2664825931002619e-01,-7.2112637206801178e-01,-7.0825305700814400e-01,-6.8815954944520963e-01,-6.6105068999546901e-01,-6.2720283635597618e-01,-5.8696104601243304e-01,-5.4073555859610489e-01,-4.8899761374992856e-01,-4.3227464713804337e-01,-3.7114491357238644e-01,-3.0623159207016992e-01,-2.3819643293747911e-01,-1.6773301164293003e-01,-9.5559658253917310e-02,-2.2412134515347432e-02,5.0963866776556156e-02,1.2382032364124232e-01,1.9541451052539716e-01,2.6501656992076006e-01,3.3191695280036837e-01,3.9543365202265018e-01],[
