{
    "nx": 22,
    "ny": 22,
    "dx": 2.5641025641025640e-02,
    "dy": 2.5641025641025640e-02,
    "x0": 4.6153846153846151e-01,
    "y0": 0.0000000000000000e+00,
    "data": [ [
-9.9529876481249868e-01,-9.8732176145678074e-01,-9.1478695317003422e-01,-7.8243715854178963e-01,-5.9892630636995492e-01,-3.7625358299856115e-01,-1.2897884398843140e-01,1.2672940816349976e-01,3.7415123057121913e-01,5.9710850342593269e-01,7.8102276538827620e-01,9.1386845244122827e-01,9.8695921097090689e-01,9.9551587058360280e-01,9.3897893873726701e-01,8.2104518416527539e-01,6.4942591701965569e-01,4.3534277102035152e-01,1.9279395679937583e-01,-6.2361036218441634e-02,-3.1343844098828155e-01,-5.4402111088936977e-01],[
-9.4855457318415681e-01,-9.4095220967193327e-01,-8.7182399757333684e-01,-7.4569000907365690e-01,-5.7079774133402184e-01,-3.5858283909097849e-01,-1.2292135450633299e-01,1.2077756340133232e-01,3.5657922361399580e-01,5.6906531147812356e-01,7.4434204287347960e-01,8.7094863421754487e-01,9.4060668636421518e-01,9.4876148258596260e-01,8.9487980689962165e-01,7.8248480935020259e-01,6.1892563852358295e-01,4.1489690427960224e-01,1.8373939149695226e-01,-5.9432251083572148e-02,-2.9871780928730168e-01,-5.1847116753937794e-01],[
-8.1271267882288056e-01,-8.0619904493182881e-01,-7.4697063991945922e-01,-6.3890021932143704e-01,-4.8905416150005737e-01,-3.0723041981577637e-01,-1.0531786586619919e-01,1.0348108571560315e-01,3.0551374083107291e-01,4.8756983181691266e-01,6.3774529449952466e-01,7.4622063679055017e-01,8.0590300379624213e-01,8.1288995686145538e-01,7.6672464152328335e-01,6.7042565975985313e-01,5.3028969328368469e-01,3.5547978370974742e-01,1.5742619063814578e-01,-5.0920996379220998e-02,-2.5593862268043954e-01,-4.4422124290528092e-01],[
-6.0053270680944015e-01,-5.9571962797643296e-01,-5.5195435236439128e-01,-4.7209855104754112e-01,-3.6137373888079438e-01,-2.2701985638196068e-01,-7.7821873230312810e-02,7.6464632738815957e-02,2.2575136149530525e-01,3.6027693241321529e-01,4.7124514965792702e-01,5.5140015723386659e-01,5.9550087614800296e-01,6.0066370176391470e-01,5.6655105346501211e-01,4.9539344796887702e-01,3.9184365298944979e-01,2.6267245767156705e-01,1.1632595239384499e-01,-3.7626734005600168e-02,-1.8911912888818241e-01,-3.2824563019066777e-01],[
-3.3194471557882399e-01,-3.2928428415491484e-01,-3.0509300897449754e-01,-2.6095267997181382e-01,-1.9974949175999790e-01,-1.2548532461757800e-01,-4.3016074365862342e-02,4.2265859092300316e-02,1.2478416351579369e-01,1.9914323150673063e-01,2.6048096198153975e-01,3.0478667737441778e-01,3.2916336898635334e-01,3.3201712309703613e-01,3.1316134187342859e-01,2.7382894440389344e-01,2.1659175007136455e-01,1.4519231552836442e-01,6.4299220914979305e-02,-2.0798193630463351e-02,-1.0453568096703678e-01,-1.8143791523449501e-01],[
-3.2177167126603096e-02,-3.1919277355992592e-02,-2.9574288362483245e-02,-2.5295531459045419e-02,-1.9362780843213117e-02,-1.2163960059177498e-02,-4.1697769207959005e-03,4.0970545634110515e-03,1.2095992783616427e-02,1.9304012811742634e-02,2.5249805324851032e-02,2.9544594010896000e-02,3.1907556405471778e-02,3.2184185972529505e-02,3.0356394791468785e-02,2.6543696268281475e-02,2.0995390537057079e-02,1.4074263523394703e-02,6.2328655357080480e-03,-2.0160795487041147e-03,-1.0133199654358906e-02,-1.7587742318544174e-02],[
2.7061278167292790e-01,2.6844390621178760e-01,2.4872234427225598e-01,2.1273762556828252e-01,1.6284267549995299e-01,1.0229996490433491e-01,3.5068187545920795e-02,-3.4456586178270993e-02,-1.0172835418950896e-01,-1.6234843123018566e-01,-2.1235306479197780e-01,-2.4847261218579283e-01,-2.6834533199573529e-01,-2.7067181077927549e-01,-2.5529992754673486e-01,-2.2323480046514815e-01,-1.7657306540342063e-01,-1.1836578363403433e-01,-5.2418942717203126e-02,1.6955404824859657e-02,8.5221092799249887e-02,1.4791444670817300e-01],[
5.4798407997110687e-01,5.4359216168551250e-01,5.0365649453698402e-01,4.3078834377886827e-01,3.2975232419630501e-01,2.0715485721932031e-01,7.1012198203674437e-02,-6.9773720809189352e-02,-2.0599735989148119e-01,-3.2875149197479969e-01,-4.3000961787429881e-01,-5.0315079333989443e-01,-5.4339255137605713e-01,-5.4810361242753192e-01,-5.1697593531437891e-01,-4.5204485905724540e-01,-3.5755601858347591e-01,-2.3968773626942191e-01,-1.0614704124605037e-01,3.4334268529555879e-02,1.7257057055114375e-01,2.9952303617269310e-01],[
7.7388325000179925e-01,7.6768082164516283e-01,7.1128220531031827e-01,6.0837512572274155e-01,4.6568834692814193e-01,2.9255169998186631e-01,1.0028603520476194e-01,-9.8537011928121462e-02,-2.9091703973045213e-01,-4.6427493489557725e-01,-6.0727538039086881e-01,-7.1056803550094316e-01,-7.6739892463271087e-01,-7.7405205812823941e-01,-7.3009240891616078e-01,-6.3839435753730578e-01,-5.0495374561551820e-01,-3.3849582699470865e-01,-1.4990475136047696e-01,4.8488115416579575e-02,2.4371049976456521e-01,4.2299743579403243e-01],[
9.2709158946994563e-01,9.1966124495258572e-01,8.5209719977955078e-01,7.2881725027510691e-01,5.5788227713965743e-01,3.5046917030145375e-01,1.2014000791386235e-01,-1.1804472445921103e-01,-3.4851089071506475e-01,-5.5618904704604410e-01,-7.2749978456211251e-01,-8.5124164330675789e-01,-9.1932353981509851e-01,-9.2729381712412540e-01,-8.7463132435086477e-01,-7.6477949307796700e-01,-6.0492118240109860e-01,-4.0550901479872908e-01,-1.7958191265615125e-01,5.8087475070502458e-02,2.9195870901291671e-01,5.0673969890301807e-01],[
9.9321824362449451e-01,9.8525791498503779e-01,9.1287472971928119e-01,7.8080159227346957e-01,5.9767434171922973e-01,3.7546708192052713e-01,1.2870923326730008e-01,-1.2646449954696284e-01,-3.7336912414223355e-01,-5.9586033861669663e-01,-7.7939015569443215e-01,-9.1195814897701100e-01,-9.8489612235599477e-01,-9.9343489556889575e-01,-9.3701614560800950e-01,-8.1932891367207694e-01,-6.4806839058822985e-01,-4.3443275295223616e-01,-1.9239095025880626e-01,6.2230679925692894e-02,3.1278324544231506e-01,5.4288391722658036e-01],[
9.6605193781541920e-01,9.5830933848525413e-01,8.8790596355724227e-01,7.5944526402630796e-01,5.8132687322919163e-01,3.6519738174720801e-01,1.2518880418352560e-01,-1.2300546796882023e-01,-3.6315680688847468e-01,-5.7956248637498897e-01,-7.5807243277694747e-01,-8.8701445294724468e-01,-9.5795744153549711e-01,-9.6626266393937410e-01,-9.1138706828988059e-01,-7.9691879387221520e-01,-6.3034255420038032e-01,-4.2255023559420735e-01,-1.8712871164893499e-01,6.0528558873829470e-02,3.0422806096782051e-01,5.2803506541694545e-01],[
8.4814440233611088e-01,8.4134679443910609e-01,7.7953621675340323e-01,6.6675426480812350e-01,5.1037538889663536e-01,3.2062470241209684e-01,1.0990939446124882e-01,-1.0799253645762265e-01,-3.1883318160846780e-01,-5.0882634709528940e-01,-6.6554898888669611e-01,-7.7875351584065255e-01,-8.4103784683861749e-01,-8.4832940914108923e-01,-8.0015143086362062e-01,-6.9965411556195956e-01,-5.5340866052012183e-01,-3.7097758722524005e-01,-1.6428947874201882e-01,5.3140992094484064e-02,2.6709674381164272e-01,4.6358789568116765e-01],[
6.5057068847312216e-01,6.4535657111604949e-01,5.9794465638885264e-01,5.1143505740749140e-01,3.9148435952612631e-01,2.4593575435408704e-01,8.4306198599401208e-02,-8.2835869221892566e-02,-2.4456156510114782e-01,-3.9029616422777907e-01,-5.1051054834530418e-01,-5.9734428424671004e-01,-6.4511959230371707e-01,-6.5071259827545702e-01,-6.1375759343089886e-01,-5.3667094707042173e-01,-4.2449310788339933e-01,-2.8455902516654086e-01,-1.2601854000296681e-01,4.0761893514629034e-02,2.0487703748542591e-01,3.5559592874797219e-01],[
3.9188888926954962e-01,3.8874802434005212e-01,3.6018817230584627e-01,3.0807677033732606e-01,2.3582121595604752e-01,1.4814606823386545e-01,5.0784124020709497e-02,-4.9898431263839992e-02,-1.4731828808710778e-01,-2.3510547430959025e-01,-3.0751986724298203e-01,-3.5982652187169462e-01,-3.8860527372864145e-01,-3.9197437248574551e-01,-3.6971352357557663e-01,-3.2327829254691948e-01,-2.5570493029963376e-01,-1.7141184237160526e-01,-7.5910683564670428e-02,2.4554031494198790e-02,1.2341323714635281e-01,2.1420284684647922e-01],[
