{
    "nx": 27,
    "ny": 29,
    "dx": 1.0101010101010102e-02,
    "dy": 1.0101010101010102e-02,
    "x0": 7.3737373737373746e-01,
    "y0": 4.8484848484848486e-01,
    "data": [ [
7.9271296137140468e-01,8.3031268599563546e-01,8.5944789730600746e-01,8.7982158022832146e-01,8.9122603793551902e-01,8.9354500918562652e-01,8.8675485353167527e-01,8.7092479232112308e-01,8.4621620302794576e-01,8.1288097411123328e-01,7.7125893717147309e-01,7.2177440258205516e-01,6.6493183391306410e-01,6.0131070524385211e-01,5.3155959379086470e-01,4.5638956807263736e-01,3.7656693901543276e-01,2.9290544789744671e-01,2.0625797077051738e-01,1.1750782392756187e-01,2.7559759050962473e-02,-6.2669260159286796e-02,-1.5225940585123829e-01,-2.4029736308488456e-01,-3.2588564050100577e-01,-4.0815171967863012e-01,-4.8625694990914775e-01],[
8.3498488372963364e-01,8.7458963756047226e-01,9.0527850252660380e-01,9.2673862503627269e-01,9.3875123269714611e-01,9.4119386456264964e-01,9.3404161954395837e-01,9.1736741026086710e-01,8.9134121974369107e-01,8.5622836856365236e-01,8.1238681005726476e-01,7.6026348121818788e-01,7.0038974645691932e-01,6.3337598067629297e-01,5.5990534688492999e-01,4.8072683178193243e-01,3.9664761031062334e-01,3.0852481701991274e-01,2.1725680811902409e-01,1.2377400330345710e-01,2.9029400713940088e-02,-6.6011138277588213e-02,-1.6037873541451264e-01,-2.5311137265732575e-01,-3.4326369934980755e-01,-4.2991666947178614e-01,-5.1218691073273293e-01],[
8.6500390532565796e-01,9.0603251243063343e-01,9.3782469042449412e-01,9.6005633813614455e-01,9.7250081796120091e-01,9.7503126628919434e-01,9.6762188679793981e-01,9.5034821343074438e-01,9.2338634037557132e-01,8.8701112689603390e-01,8.4159339531483801e-01,7.8759615071445066e-01,7.2556986089277797e-01,6.5614684469169626e-01,5.8003482590590660e-01,4.9800971848593045e-01,4.1090771658553110e-01,3.1961677009056155e-01,2.2506753253079687e-01,1.2822387365511723e-01,3.0073053388296266e-02,-6.8384342660261457e-02,-1.6614460353471952e-01,-2.6221112513195843e-01,-3.5560456995082512e-01,-4.4537285081930772e-01,-5.3060083682180137e-01],[
8.8232951507986312e-01,9.2417990533643224e-01,9.5660886527516809e-01,9.7928580213531091e-01,9.9197953887090329e-01,9.9456067085473232e-01,9.8700288507675937e-01,9.6938322838863433e-01,9.4188132205971498e-01,9.0477753065169397e-01,8.5845010387900555e-01,8.0337132059192706e-01,7.4010267419205267e-01,6.6928914856175969e-01,5.9165264286097641e-01,5.0798461222128344e-01,4.1913799936081197e-01,3.2601853937205838e-01,2.2957552632476985e-01,1.3079213581259810e-01,3.0675402098995830e-02,-6.9754047960936927e-02,-1.6947239956649113e-01,-2.6746308711649658e-01,-3.6272715745343348e-01,-4.5429345355983303e-01,-5.4122851489057067e-01],[
8.8670747009384465e-01,9.2876551420617792e-01,9.6135538061504255e-01,9.8414483621986282e-01,9.9690155691715876e-01,9.9949549599801579e-01,9.9190020989213168e-01,9.7419312774330957e-01,9.4655476206825140e-01,9.0926686854548056e-01,8.6270957369419110e-01,8.0735749972451110e-01,7.4377492606390228e-01,6.7261003688485310e-01,5.9458831327671013e-01,5.1050513742427217e-01,4.2121768418886146e-01,3.2763618275211198e-01,2.3071463740445530e-01,1.3144110207405008e-01,3.0827607741139674e-02,-7.0100154578472490e-02,-1.7031329010538060e-01,-2.6879018922889802e-01,-3.6452694217165948e-01,-4.5654757321562989e-01,-5.4391399015800568e-01],[
8.7807352651196757e-01,9.1972204798884638e-01,9.5199458418746119e-01,9.7456213698826777e-01,9.8719464444669403e-01,9.8976332612932871e-01,9.8224199594908879e-01,9.6470732911583457e-01,9.3733808048104283e-01,9.0041326224501628e-01,8.5430929960376023e-01,7.9949619333189770e-01,7.3653272842168449e-01,6.6606077762299820e-01,5.8879875795613612e-01,5.0553430690413115e-01,4.1711625294616467e-01,3.2444596228744860e-01,2.2846815000015672e-01,1.3016124925006634e-01,3.0527436788510769e-02,-6.9417583606506572e-02,-1.6865493558868969e-01,-2.6617295704417454e-01,-3.6097751334768535e-01,-4.5210213193704291e-01,-5.3861785489039504e-01],[
8.5655438226129232e-01,8.9718221410976551e-01,9.2866384004765090e-01,9.5067832478588365e-01,9.6300124455940916e-01,9.6550697498569260e-01,9.5816997172594243e-01,9.4106503089350635e-01,9.1436652655474671e-01,8.7834663309558636e-01,8.3337255057558401e-01,7.7990276135528702e-01,7.1848235615820222e-01,6.4973747721520381e-01,5.7436893514003518e-01,4.9314506460781771e-01,4.0689389166839601e-01,3.1649469254384627e-01,2.2286902996283114e-01,1.2697135841075735e-01,2.9779294069227476e-02,-6.7716351363352995e-02,-1.6452167137112658e-01,-2.5964979686986045e-01,-3.5213095671382810e-01,-4.4102236390003391e-01,-5.2541782668613080e-01],[
8.2246581783572792e-01,8.6147677106899700e-01,8.9170551282786270e-01,9.1284388018600149e-01,9.2467638084159309e-01,9.2708238992520597e-01,9.2003737969414157e-01,9.0361316957727633e-01,8.7797719402135388e-01,8.4339079560257035e-01,8.0020656080410602e-01,7.4886472561965844e-01,6.8988868762559663e-01,6.2387967027329994e-01,5.5151059379587619e-01,4.7351921521148060e-01,3.9070060735655937e-01,3.0389905362055025e-01,2.1399944101006171e-01,1.2191823928484738e-01,2.8594158127541264e-02,-6.5021422408556462e-02,-1.5797415061811809e-01,-2.4931643215655855e-01,-3.3811709016575731e-01,-4.2347085803390089e-01,-5.0450760801671479e-01],[
7.7630806240728945e-01,8.1312967475936571e-01,8.4166194374239400e-01,8.6161400089831552e-01,8.7278244760841328e-01,8.7505342861373814e-01,8.6840379269755041e-01,8.5290132869734980e-01,8.2870407444050032e-01,7.9605870564841386e-01,7.5529802123340128e-01,7.0683755062399101e-01,6.5117131770490666e-01,5.8886680455563745e-01,5.2055916632912713e-01,4.4694475624622898e-01,3.6877402671450726e-01,2.8684387894002278e-01,2.0198953902294001e-01,1.1507604335507099e-01,2.6989420120305613e-02,-6.1372343203002444e-02,-1.4910845425710192e-01,-2.3532449881389922e-01,-3.1914155876298783e-01,-3.9970517212657020e-01,-4.7619404375953955e-01],[
7.1875845326398025e-01,7.5285038972898999e-01,7.7926749205658874e-01,7.9774045457659004e-01,8.0808095710572581e-01,8.1018358475294805e-01,8.0402690255765208e-01,7.8967367400555866e-01,7.6727022119462585e-01,7.3704493317369335e-01,6.9930593766040838e-01,6.5443795987378839e-01,6.0289840050365517e-01,5.4521267279954277e-01,4.8196884631453130e-01,4.1381165190764835e-01,3.4143590912003913e-01,2.6557944292868035e-01,1.8701556208682432e-01,1.0654517572977984e-01,2.4988628612213230e-02,-5.6822661788398267e-02,-1.3805468104772731e-01,-2.1787932004480406e-01,-2.9548281701136547e-01,-3.7007405331902804e-01,-4.4089261843393796e-01],[
6.5066149629264813e-01,6.8152347821592751e-01,7.0543775880648707e-01,7.2216054708068289e-01,7.3152136477607399e-01,7.3342478426961211e-01,7.2785140140197668e-01,7.1485803329072117e-01,6.9457713911565189e-01,6.6721546978116519e-01,6.3305196022138677e-01,5.9243488583472159e-01,5.4577831203618266e-01,4.9355787312205007e-01,4.3630592347868802e-01,3.7460611056587373e-01,3.0908742499963660e-01,2.4041778839027800e-01,1.6929724430348042e-01,9.6450821758392022e-02,2.2621144014778504e-02,-5.1439142001981276e-02,-1.2497503846083825e-01,-1.9723689335102726e-01,-2.6748804271074123e-01,-3.3501232045086976e-01,-3.9912135921586100e-01],[
5.7301647336322248e-01,6.0019561972955837e-01,6.2125615090452380e-01,6.3598336807701450e-01,6.4422713657134167e-01,6.4590341637540649e-01,6.4099511887553562e-01,6.2955228106410155e-01,6.1169155544399512e-01,5.8759502083004833e-01,5.5750832617054114e-01,5.2173818631135005e-01,4.8064925523185503e-01,4.3466040862797167e-01,3.8424047373904313e-01,3.2990344995030213e-01,2.7220326889383278e-01,2.1172814746551519e-01,1.4909459132534866e-01,8.4941110011711368e-02,1.9921707739964215e-02,-4.5300783757378088e-02,-1.1006146238143671e-01,-1.7370013392384701e-01,-2.3556804232964998e-01,-2.9503448335545251e-01,-3.5149323420075973e-01],[
