{
    "nx": 27,
    "ny": 29,
    "dx": 1.0101010101010102e-02,
    "dy": 1.0101010101010102e-02,
    "x0": 0.0000000000000000e+00,
    "y0": 4.8484848484848486e-01,
    "data": [ [
0.0000000000000000e+00,9.0131396901496394e-02,1.7934396114881668e-01,2.6672822700625498e-01,3.5139336708522917e-01,4.3247627376675962e-01,5.0915035803840791e-01,5.8063397604709110e-01,6.4619839746438856e-01,7.0517523443189167e-01,7.5696325535319031e-01,8.0103451407019199e-01,8.3693973194069327e-01,8.6431287795032075e-01,8.8287490016749670e-01,8.9243657050159986e-01,8.9290041376381202e-01,8.8426170136509097e-01,8.6660849952114893e-01,8.4012077147301634e-01,8.0506854287548413e-01,7.6180914905613262e-01,7.1078359220739973e-01,6.5251204564781728e-01,5.8758855098362839e-01,5.1667496222987563e-01,4.4049419862682132e-01],[
0.0000000000000000e+00,9.4937710911131568e-02,1.8890759183297301e-01,2.8095167919158365e-01,3.7013164166184981e-01,4.5553834586258757e-01,5.3630112439705224e-01,6.1159665175703537e-01,6.8065733760631508e-01,7.4277915187923682e-01,7.9732880192248667e-01,8.4375018851363282e-01,8.8157007494140260e-01,9.1040291135500384e-01,9.2995476520129650e-01,9.4002631768149070e-01,9.4051489568038826e-01,9.3141551845393167e-01,9.1282094840474393e-01,8.8492074542803256e-01,8.4799933446820575e-01,8.0243310598623929e-01,7.4868657889669765e-01,6.8730766509084340e-01,6.1892208382102931e-01,5.4422698288819460e-01,4.6398383166043472e-01],[
0.0000000000000000e+00,9.8350871136725762e-02,1.9569911727180142e-01,2.9105233453209678e-01,3.8343845710357310e-01,4.7191566682818975e-01,5.5558199444506640e-01,6.3358451459731102e-01,7.0512804086722891e-01,7.6948323219952119e-01,8.2599402807260880e-01,8.7408433662120710e-01,9.1326390752896802e-01,9.4313332982075726e-01,9.6338810360523197e-01,9.7382174425887658e-01,9.7432788740630083e-01,9.6490137323785408e-01,9.4563829911062591e-01,9.1673503989659633e-01,8.7848624606486880e-01,8.3128183990627214e-01,7.7560304052192497e-01,7.1201745809849237e-01,6.4117330748090084e-01,5.6379280003147825e-01,4.8066478114134858e-01],[
0.0000000000000000e+00,1.0032079150565115e-01,1.9961887591591662e-01,2.9688197198819011e-01,3.9111854390044132e-01,4.8136790933255452e-01,5.6671003301570644e-01,6.4627490591073256e-01,7.1925141440068530e-01,7.8489560908176681e-01,8.4253828885753812e-01,8.9159182302135331e-01,9.3155614178019996e-01,9.6202383415033788e-01,9.8268430125491080e-01,9.9332692268328682e-01,9.9384320363309342e-01,9.8422788094618852e-01,9.6457897676323467e-01,9.3509679924989597e-01,8.9608190058162662e-01,8.4793201300410515e-01,7.9113799420424247e-01,7.2627882332614557e-01,6.5401569864449316e-01,5.7508529706581069e-01,4.9029226417278088e-01],[
0.0000000000000000e+00,1.0081856462178566e-01,2.0060934766571673e-01,2.9835504513786115e-01,3.9305920139978279e-01,4.8375636740430050e-01,5.6952194283863711e-01,6.4948160184052495e-01,7.2282020619804876e-01,7.8879011516878184e-01,8.4671880720486026e-01,8.9601573588532213e-01,9.3617835016381357e-01,9.6679721755903747e-01,9.8756019806025619e-01,9.9825562619751818e-01,9.9877446883741228e-01,9.8911143670698465e-01,9.6936503831453569e-01,9.3973657571760671e-01,9.0052809237566889e-01,8.5213929400785882e-01,7.9506347384567122e-01,7.2988248382008414e-01,6.5726080294868727e-01,5.7793876339185601e-01,4.9272500323405694e-01],[
0.0000000000000000e+00,9.9836885964157809e-02,1.9865599794423572e-01,2.9544993751897974e-01,3.8923195162047941e-01,4.7904599185834912e-01,5.6397646082912001e-01,6.4315754605337261e-01,7.1578204638701870e-01,7.8110960092704573e-01,8.3847423652322695e-01,8.8729115695368288e-01,9.2706270455294082e-01,9.5738343351745614e-01,9.7794424316945427e-01,9.8853552904307718e-01,9.8904931966950382e-01,9.7948037727786585e-01,9.5992625119101460e-01,9.3058628337179683e-01,8.9175957625767122e-01,8.4384194360030484e-01,7.8732187539441623e-01,7.2277555803086546e-01,6.5086100044038364e-01,5.7231132610819702e-01,4.8792729934322043e-01],[
0.0000000000000000e+00,9.7390161076396781e-02,1.9378749098331483e-01,2.8820927983786326e-01,3.7969295715020390e-01,4.6730590462162597e-01,5.5015496359895411e-01,6.2739554026279687e-01,6.9824021572799377e-01,7.6196677328172624e-01,8.1792556092667112e-01,8.6554611417271865e-01,9.0434297156207955e-01,9.3392062364217387e-01,9.5397754493465192e-01,9.6430926779716819e-01,9.6481046684182981e-01,9.5547603266099057e-01,9.3640112391443464e-01,9.0778019724695280e-01,8.6990502492568955e-01,8.2316172040619662e-01,7.6802680214966590e-01,7.0506233581824185e-01,6.3491020437066004e-01,5.5828556447096844e-01,4.7596955591811324e-01],[
0.0000000000000000e+00,9.3514294174047413e-02,1.8607526919324749e-01,2.7673932438931181e-01,3.6458219699323879e-01,4.4870838441037386e-01,5.2826027330366121e-01,6.0242688241984865e-01,6.7045213003105675e-01,7.3164254171036747e-01,7.8537431986552930e-01,8.3109970296134850e-01,8.6835254960251229e-01,8.9675309055064623e-01,9.1601180023179374e-01,9.2593234826674542e-01,9.2641360093523073e-01,9.1745065217030841e-01,8.9913487357261956e-01,8.7165298293464011e-01,8.3528514077073857e-01,7.9040209425771324e-01,7.3746139770153063e-01,6.7700274806021976e-01,6.0964248307431945e-01,5.3606729809296072e-01,4.5702724564857988e-01],[
0.0000000000000000e+00,8.8266161271810681e-02,1.7563250478839507e-01,2.6120838586811429e-01,3.4412141246281369e-01,4.2352633864365180e-01,4.9861368134939155e-01,5.6861797255484814e-01,6.3282556273384882e-01,6.9058189606533071e-01,7.4129818321644392e-01,7.8445740367785433e-01,8.1961957646122707e-01,8.4642624542746048e-01,8.6460413352058263e-01,8.7396792865470452e-01,8.7442217285367119e-01,8.6596223538482620e-01,8.4867435996640639e-01,8.2273478556731572e-01,7.8840794976216932e-01,7.4604379295726952e-01,6.9607419096922551e-01,6.3900855232382536e-01,5.7542862515791582e-01,5.0598256666464414e-01,4.3137833554032612e-01],[
0.0000000000000000e+00,8.1722775562249481e-02,1.6261243905303552e-01,2.4184437145217497e-01,3.1861085326075267e-01,3.9212929869116536e-01,4.6165023363485630e-01,5.2646493607739886e-01,5.8591266107172413e-01,6.3938737661545508e-01,6.8634394176433167e-01,7.2630366399976476e-01,7.5885917919666634e-01,7.8367860444336790e-01,8.0050892137824914e-01,8.0917855555210005e-01,8.0959912552124469e-01,8.0176634384052736e-01,7.8576006077110772e-01,7.6174345025749091e-01,7.2996134647224242e-01,6.9073774788626363e-01,6.4447251430905539e-01,5.9163729057055736e-01,5.3277069840005131e-01,4.6847284551788448e-01,3.9939920791635930e-01],[
0.0000000000000000e+00,7.3980157293527110e-02,1.4720613361772267e-01,2.1893143640181106e-01,2.8842487149376211e-01,3.5497799722276557e-01,4.1791234651453291e-01,4.7658634343452289e-01,5.3040184364930132e-01,5.7881023213016536e-01,6.2131801593679292e-01,6.5749185506602292e-01,6.8696298007944145e-01,7.0943095147484880e-01,7.2466672247719333e-01,7.3251497402575061e-01,7.3289569815383115e-01,7.2580501361945748e-01,7.1131520547217553e-01,6.8957398815263682e-01,6.6080299963719036e-01,6.2529554197872461e-01,5.8341359127752124e-01,5.3558410756357888e-01,4.8229468220882310e-01,4.2408856724108723e-01,3.6155913723287009e-01],[
0.0000000000000000e+00,6.5151924730039334e-02,1.2963966674481678e-01,1.9280581425227922e-01,2.5400642828150638e-01,3.1261760723373416e-01,3.6804184716502708e-01,4.1971413296153498e-01,4.6710769831165133e-01,5.0973939575579430e-01,5.4717462206954670e-01,5.7903174876898333e-01,6.0498601257198581e-01,6.2477282615474550e-01,6.3819047545238650e-01,6.4510217600643160e-01,6.4543746739594843e-01,6.3919293153702850e-01,6.2643222752799510e-01,6.0728544268510942e-01,5.8194776638455892e-01,5.5067750023007167e-01,5.1379342483123813e-01,4.7167155003657529e-01,4.2474128175065107e-01,3.7348104441214869e-01,3.1841340375894239e-01],[
