{
    "nx": 14,
    "ny": 14,
    "dx": 2.5641025641025640e-02,
    "dy": 2.5641025641025640e-02,
    "x0": 2.0512820512820512e-01,
    "y0": 4.6153846153846151e-01,
    "data": [ [
7.2058171229991849e-02,6.0177073945850666e-02,4.4361190705625414e-02,2.5644671413525520e-02,5.2513292666432256e-03,-1.5485380466834418e-02,-3.5209550812964271e-02,-5.2631481502450998e-02,-6.6612008336873418e-02,-7.6236989483808096e-02,-8.0877078280793213e-02,-8.0228874196094993e-02,-7.4334761216868425e-02,-6.3580136496107359e-02],[
3.3635324894131247e-01,2.8089464370203060e-01,2.0706923817311465e-01,1.1970423896050190e-01,2.4512163297323364e-02,-7.2282684145392281e-02,-1.6435119858794814e-01,-2.4567331501435305e-01,-3.1093164092523834e-01,-3.5585914358746101e-01,-3.7751815762572649e-01,-3.7449246954422644e-01,-3.4697991938718242e-01,-2.9677946461256927e-01],[
8.7936363290598474e-01,7.3437237525464882e-01,5.4136286215792129e-01,3.1295536694791865e-01,6.4084723532074422e-02,-1.8897621451957053e-01,-4.2968060370354239e-01,-6.4228955563551671e-01,-8.1290125250772860e-01,-9.3035994239045594e-01,-9.8698537808878650e-01,-9.7907500388618007e-01,-9.0714605379351232e-01,-7.7590173127519824e-01],[
8.7270385071123224e-01,7.2881067144290856e-01,5.3726289871232691e-01,3.1058522733495286e-01,6.3599383583088642e-02,-1.8754501998116310e-01,-4.2642645590063760e-01,-6.3742523286114716e-01,-8.0674481723458402e-01,-9.2331394418540469e-01,-9.7951053218714856e-01,-9.7166006649940106e-01,-9.0027586390729952e-01,-7.7002550858249030e-01],[
7.8407102188033173e-01,6.5479180302667728e-01,4.8269784723472120e-01,2.7904182659328025e-01,5.7140155433382793e-02,-1.6849772731649662e-01,-3.8311808382916523e-01,-5.7268757699926975e-01,-7.2481086537004835e-01,-8.2954109477552262e-01,-8.8003029124784915e-01,-8.7297712808257577e-01,-8.0884278900880258e-01,-6.9182081286355046e-01],[
6.2179042537856843e-01,5.1926836010590049e-01,3.8279300138094474e-01,2.2128803541260020e-01,4.5313754190169808e-02,-1.3362344815676272e-01,-3.0382344158450064e-01,-4.5415739413175998e-01,-5.7479545056600168e-01,-6.5784947510558456e-01,-6.9788883133158408e-01,-6.9229547409427361e-01,-6.4143513509281369e-01,-5.4863340885186807e-01],[
4.0110507278923907e-01,3.3497005562704979e-01,2.4693242033862825e-01,1.4274866567383790e-01,2.9231033369058076e-02,-8.6197922501999938e-02,-1.9599067254474425e-01,-2.9296822079574836e-01,-3.7078951625514395e-01,-4.2436607388403680e-01,-4.5019469432907799e-01,-4.4658652689799916e-01,-4.1377749809244063e-01,-3.5391288513031810e-01],[
1.4274393269083668e-01,1.1920802382621029e-01,8.7877484427936137e-02,5.0800918031171143e-02,1.0402642456503904e-02,-3.0675828560714075e-02,-6.9748505485641293e-02,-1.0426055122917016e-01,-1.3195533375516094e-01,-1.5102198001521439e-01,-1.6021378313220316e-01,-1.5892972056640806e-01,-1.4725375305269572e-01,-1.2594933467721847e-01],[
-1.2902514074252031e-01,-1.0775121409277141e-01,-7.9431780970827592e-02,-4.5918558325119339e-02,-9.4028683513404047e-03,2.7727645041221667e-02,6.3045136610860794e-02,9.4240308800879649e-02,1.1927340930392358e-01,1.3650760392653793e-01,1.4481600392988986e-01,1.4365534967194146e-01,1.3310153261391855e-01,1.1384463302094590e-01],[
-3.8867488655894994e-01,-3.2458938368974333e-01,-2.3928002155503569e-01,-1.3832490586917584e-01,-2.8325168015736781e-02,8.3526661772453187e-02,1.8991695090819222e-01,2.8388917943951719e-01,3.5929880458889674e-01,4.1121503270793347e-01,4.3624322806742105e-01,4.3274687720551819e-01,4.0095459529685640e-01,3.4294517773914202e-01],[
-6.1181641188771907e-01,-5.1093888216980299e-01,-3.7665269686008990e-01,-2.1773839913567450e-01,-4.4586885494276626e-02,1.3148002165771694e-01,2.9894987167812082e-01,4.4687234793105451e-01,5.6557527388841189e-01,6.4729704574700053e-01,6.8669413881991281e-01,6.8119050348610399e-01,6.3114600481708549e-01,5.3983289215351649e-01],[
-7.7749003991827159e-01,-6.4929590670558990e-01,-4.7864639559688510e-01,-2.7669973107358264e-01,-5.6660558149817082e-02,1.6708346703499979e-01,3.7990243992872841e-01,5.6788081012617486e-01,7.1872727460110719e-01,8.2257846660899092e-01,8.7264388961948680e-01,8.6564992611632430e-01,8.0205388895247365e-01,6.8601411912869692e-01],[
6.5202032882696592e-01,5.4451389581876053e-01,4.0140344470744482e-01,2.3204650912299168e-01,4.7516796176895880e-02,-1.4011988774693740e-01,-3.1859458139236663e-01,-4.7623739667702292e-01,-6.0274057526394031e-01,-6.8983247983569607e-01,-7.3181844994226641e-01,-7.2595315759252099e-01,-6.7262011545088196e-01,-5.7530660017362178e-01],[
8.0342481532191412e-01,6.7095450378894805e-01,4.9461262812749490e-01,2.8592961828911018e-01,5.8550587313425405e-02,-1.7265687887146541e-01,-3.9257486523192975e-01,-5.8682363962944295e-01,-7.4270189740812242e-01,-8.5001725898968739e-01,-9.0175271690044001e-01,-8.9452545539560169e-01,-8.2880804193659030e-01,-7.0889752751962709e-01]]}
