{
    "nx": 29,
    "ny": 27,
    "dx": 1.0101010101010102e-02,
    "dy": 1.0101010101010102e-02,
    "x0": 4.8484848484848486e-01,
    "y0": 0.0000000000000000e+00,
    "data": [ [
-9.9075324300567713e-01,-9.7202182495883338e-01,-9.4338125844599940e-01,-9.0512351595013674e-01,-8.5763861098805172e-01,-8.0141062216896974e-01,-7.3701275831891333e-01,-6.6510151497882242e-01,-5.8640998184723503e-01,-5.0174036939391131e-01,-4.1195583083086279e-01,-3.1797166281061784e-01,-2.2074597455506334e-01,-1.2126992053716765e-01,-2.0557596287259176e-02,8.0364299670281733e-02,1.8046693235991182e-01,2.7872981867755725e-01,3.7415123057122074e-01,4.6575840702565247e-01,5.5261747074640588e-01,6.3384294844890643e-01,7.0860679769921819e-01,7.7614684828358105e-01,8.3577457205225947e-01,8.8688210202907924e-01,9.2894842923125132e-01,9.6154471402682407e-01,9.8433865788382380e-01],[
-9.8348388915093654e-01,-9.6488990724870793e-01,-9.3645948227621389e-01,-8.9848244445616154e-01,-8.5134594569851241e-01,-7.9553051283133058e-01,-7.3160514893332607e-01,-6.6022153270691242e-01,-5.8210737502551291e-01,-4.9805900038090906e-01,-4.0893322885809691e-01,-3.1563864139578168e-01,-2.1912631737767965e-01,-1.2038013897900031e-01,-2.0406761109206539e-02,7.9774650798864075e-02,1.7914281053677869e-01,2.7668472248822967e-01,3.7140600847943372e-01,4.6234104483643745e-01,5.4856280630848753e-01,6.2919231650484242e-01,7.0340760850381057e-01,7.7045210428627808e-01,8.2964232757066614e-01,8.8037487142186277e-01,9.2213254960374580e-01,9.5448966896614773e-01,9.7711636911760180e-01],[
-9.6178250098059659e-01,-9.4359881071948559e-01,-9.1579572666734821e-01,-8.7865668370250816e-01,-8.3256029090675088e-01,-7.7797647188490815e-01,-7.1546167419056406e-01,-6.4565319669475973e-01,-5.6926269272659669e-01,-4.8706891521710544e-01,-3.9990977780506387e-01,-3.0867381283676770e-01,-2.1429111334006645e-01,-1.1772385131348694e-01,-1.9956468990529726e-02,7.8014356927010128e-02,1.7518987575841585e-01,2.7057944447630045e-01,3.6321062668648219e-01,4.5213910600270812e-01,5.3645831275568623e-01,6.1530866589816591e-01,6.8788633589070225e-01,7.5345143923602864e-01,8.1133558112391047e-01,8.6094866929400382e-01,9.0178492965367973e-01,9.3342806232539599e-01,9.5555548556096237e-01],[
-9.2596753330843273e-01,-9.0846096940197918e-01,-8.8169321979967685e-01,-8.4593716479916836e-01,-8.0155731479359504e-01,-7.4900609431840648e-01,-6.8881922986902366e-01,-6.2161028850764288e-01,-5.4806442293463742e-01,-4.6893138678959612e-01,-3.8501789138659848e-01,-2.9717938180197445e-01,-2.0631131615215595e-01,-1.1334003696384300e-01,-1.9213327697131643e-02,7.5109249308128748e-02,1.6866613496423324e-01,2.6050357592307721e-01,3.4968534748905455e-01,4.3530229783839036e-01,5.1648161624767175e-01,5.9239573084780184e-01,6.6227074519641305e-01,7.2539432766322398e-01,7.8112297320101443e-01,8.2888856347307316e-01,8.6820415846075205e-01,8.9866896050935130e-01,9.1997240020701576e-01],[
-8.7656454923533389e-01,-8.5999200997524672e-01,-8.3465239544216263e-01,-8.0080402699886577e-01,-7.5879196737915866e-01,-7.0904450299127209e-01,-6.5206877780848849e-01,-5.8844562335670136e-01,-5.1882363750393135e-01,-4.4391257241478804e-01,-3.6447609907551271e-01,-2.8132402215069174e-01,-1.9530402453627377e-01,-1.0729302576792878e-01,-1.8188242380348236e-02,7.1101958648537217e-02,1.5966732012508097e-01,2.4660497413697519e-01,3.3102864622127537e-01,4.1207769037266606e-01,4.8892586278581363e-01,5.6078974488900757e-01,6.2693672980159942e-01,6.8669249079836103e-01,7.3944785564446036e-01,7.8466501672157596e-01,8.2188301363682470e-01,8.5072243242277368e-01,8.7088927342315381e-01],[
-8.1429850782702673e-01,-7.9890318525532789e-01,-7.7536354938800645e-01,-7.4391957194242053e-01,-7.0489180440503751e-01,-6.5867811021152689e-01,-6.0574960878037043e-01,-5.4664587274800025e-01,-4.8196942736662945e-01,-4.1237960813992713e-01,-3.3858583931407066e-01,-2.6134040174570583e-01,-1.8143076387384671e-01,-9.9671553976585739e-02,-1.6896255550414230e-02,6.6051289527496851e-02,1.4832548343417845e-01,2.2908759273648122e-01,3.0751429874859876e-01,3.8280609074595628e-01,4.5419541647199568e-01,5.2095450684855338e-01,5.8240279512186743e-01,6.3791385481071616e-01,6.8692178572866602e-01,7.2892698297898773e-01,7.6350123011097093e-01,7.9029206451613032e-01,8.0902637056184012e-01],[
-7.4008312577599000e-01,-7.2609093698812510e-01,-7.0469670977922971e-01,-6.7611854478067346e-01,-6.4064777833139896e-01,-5.9864601248798888e-01,-5.5054142872012801e-01,-4.9682442287100625e-01,-4.3804260588148936e-01,-3.7479522124250875e-01,-3.0772703608622243e-01,-2.3752176819240825e-01,-1.6489511591761938e-01,-9.0587462102547658e-02,-1.5356326336676426e-02,6.0031357475394773e-02,1.3480705952063424e-01,2.0820848875352052e-01,2.7948736397171248e-01,3.4791704207019741e-01,4.1279992570872492e-01,4.7347457487600514e-01,5.2932244985278032e-01,5.7977421683352925e-01,6.2431555192495325e-01,6.6249238435316471e-01,6.9391552542838475e-01,7.1826463607777935e-01,7.3529149249994319e-01],[
-6.5500746915877184e-01,-6.4262374110616760e-01,-6.2368886996718176e-01,-5.9839588479165962e-01,-5.6700263158554132e-01,-5.2982914473371623e-01,-4.8725438445163971e-01,-4.3971237352532910e-01,-3.8768777272324084e-01,-3.3171093998590123e-01,-2.7235252376173796e-01,-2.1021764560663239e-01,-1.4593973135192673e-01,-8.0174053728210098e-02,-1.3591052273778164e-02,5.3130501372930392e-02,1.1931042312140661e-01,1.8427405047618300e-01,2.4735912029479082e-01,3.0792252014212751e-01,3.6534684441547760e-01,4.1904668840460524e-01,4.6847461612296454e-01,5.1312674107176515e-01,5.5254786304451109e-01,5.8633610860555130e-01,6.1414702793588716e-01,6.3569710628148424e-01,6.5076665420708713e-01],[
-5.6031997204660255e-01,-5.4972642848719921e-01,-5.3352877125906339e-01,-5.1189212524535455e-01,-4.8503706238401739e-01,-4.5323735307621332e-01,-4.1681717527002493e-01,-3.7614780967106187e-01,-3.3164385477021208e-01,-2.8375900027393347e-01,-2.3298140202429929e-01,-1.7982870555856076e-01,-1.2484276903990349e-01,-6.8584139355767043e-02,-1.1626337696435275e-02,4.5449987131194303e-02,1.0206297805140011e-01,1.5763550138494833e-01,2.1160103036237760e-01,2.6340942050652294e-01,3.1253251800793352e-01,3.5846954391931501e-01,4.0075219928054612e-01,4.3894943913075118e-01,4.7267186673937517e-01,5.0157570325986633e-01,5.2536629233784649e-01,5.4380110394650638e-01,5.5669220682701714e-01],[
-4.5741011648657548e-01,-4.4876221129802141e-01,-4.3553945885450324e-01,-4.1787665676418934e-01,-3.9595386613655692e-01,-3.6999457597312840e-01,-3.4026342483828209e-01,-3.0706350303626284e-01,-2.7073326279699839e-01,-2.3164306796941900e-01,-1.9019141839598216e-01,-1.4680088745851463e-01,-1.0191381420953428e-01,-5.5987794005036381e-02,-9.4910136089106194e-03,3.7102521675354223e-02,8.3317820189309430e-02,1.2868374615943898e-01,1.7273782262875417e-01,2.1503094611721071e-01,2.5513196494798834e-01,2.9263207456646945e-01,3.2714898504442375e-01,3.5833081828433333e-01,3.8585969519430702e-01,4.0945497626461519e-01,4.2887612251020729e-01,4.4392514761371338e-01,4.5444863627087745e-01],[
-3.4778804268865121e-01,-3.4121267867618404e-01,-3.3115886695332342e-01,-3.1772909977945379e-01,-3.0106028514714528e-01,-2.8132235109165632e-01,-2.5871651338196028e-01,-2.3347322425309067e-01,-2.0584982309118591e-01,-1.7612791302101177e-01,-1.4461049013999736e-01,-1.1161885466442717e-01,-7.7489335476708970e-02,-4.2569861464877512e-02,-7.2164146073740209e-03,2.8210599038343342e-02,6.3350023447886206e-02,9.7843634387452444e-02,1.3133979128359963e-01,1.6349702197675028e-01,1.9398750381415020e-01,2.2250040559472148e-01,2.4874505629679980e-01,2.7245390828558247e-01,2.9338526479224941e-01,3.1132574385983885e-01,3.2609245363750239e-01,3.3753485684738938e-01,3.4553630541709696e-01],[
