{
    "nx": 12,
    "ny": 14,
    "dx": 2.5641025641025640e-02,
    "dy": 2.5641025641025640e-02,
    "x0": 7.1794871794871795e-01,
    "y0": 4.6153846153846151e-01,
    "data": [ [
6.3465204186492694e-02,7.4260124677599126e-02,8.0199413671212028e-02,8.0894720099577253e-02,7.6300580104283089e-02,6.6717389772218569e-02,5.2771763198429550e-02,3.5375560199176342e-02,1.5666262721690694e-02,-5.0674014539347180e-03,-2.5469724493021588e-02,-4.4206663895631833e-02],[
2.9624298339069877e-01,3.4663153082771103e-01,3.7435495365823102e-01,3.7760050613615848e-01,3.5615597198920734e-01,3.1142354056064964e-01,2.4632812214314884e-01,1.6512609747108745e-01,7.3127006628994476e-02,-2.3653624753821906e-02,-1.1888762144024928e-01,-2.0634793767793577e-01],[
7.7449915205904729e-01,9.0623522498396769e-01,9.7871548165925992e-01,9.8720067045039095e-01,9.3113597206322085e-01,8.1418727739906505e-01,6.4400148670038071e-01,4.3170650325752907e-01,1.9118361548525642e-01,-6.1840156027584581e-02,-3.1082039797834782e-01,-5.3947709050013637e-01],[
7.6863355167517833e-01,8.9937193317866404e-01,9.7130326708206249e-01,9.7972419405121725e-01,9.2408409666652336e-01,8.0802110253088510e-01,6.3912419876848392e-01,4.2843701248469346e-01,1.8973570339213344e-01,-6.1371815110787473e-02,-3.0846642736282276e-01,-5.3539140877832492e-01],[
6.9057022473581398e-01,8.0803066254742317e-01,8.7265656563343463e-01,8.8022225336187054e-01,8.3023302966544232e-01,7.2595752963154569e-01,5.7421399393213857e-01,3.8492444592339009e-01,1.7046592234537838e-01,-5.5138821433352685e-02,-2.7713821443670028e-01,-4.8101642801811545e-01],[
5.4764165720919944e-01,6.4079109591295558e-01,6.9204125903460478e-01,6.9804106269992072e-01,6.5839819898075813e-01,5.7570478765285515e-01,4.5536788579323906e-01,3.0525593765132664e-01,1.3518428230326832e-01,-4.3726639905268663e-02,-2.1977841730459119e-01,-3.8145958853853951e-01],[
3.5327312517489701e-01,4.1336204077503530e-01,4.4642253764076589e-01,4.5029289586384802e-01,4.2472004512725542e-01,3.7137611216194044e-01,2.9374908574022335e-01,1.9691474827139238e-01,8.7204786661358613e-02,-2.8207216396671390e-02,-1.4177483999820409e-01,-2.4607226129889165e-01],[
1.2572165904255278e-01,1.4710590149116040e-01,1.5887136061764512e-01,1.6024873076617815e-01,1.5114795011817303e-01,1.3216408954589232e-01,1.0453844283572519e-01,7.0077362466702722e-02,3.1034148012504776e-02,-1.0038289894274176e-02,-5.0454356204543929e-02,-8.7571373903784042e-02],[
-1.1363883876929103e-01,-1.3296789072682405e-01,-1.4360259856398952e-01,-1.4484759282692555e-01,-1.3662146733184841e-01,-1.1946210205444675e-01,-9.4491492882549752e-02,-6.3342387901796651e-02,-2.8051527232405307e-02,9.0735328781234303e-03,4.5605303760714082e-02,7.9155090027002800e-02],[
-3.4232524384907892e-01,-4.0055201293959602e-01,-4.3258796995084603e-01,-4.3633838635131222e-01,-4.1155803443525246e-01,-3.5986722197625265e-01,-2.8464584549612215e-01,-1.9081238966624445e-01,-8.4502323362065229e-02,2.7333078978237581e-02,1.3738125890561814e-01,2.3844651871532480e-01],[
-5.3885704899682618e-01,-6.3051229653845453e-01,-6.8094036623839760e-01,-6.8684392827589513e-01,-6.4783696765432386e-01,-5.6647002448438055e-01,-4.4806342234249341e-01,-3.0035938936748563e-01,-1.3301581878178087e-01,4.3025229786161204e-02,2.1625299650407159e-01,3.7534067302133639e-01],[
-6.8477402762394590e-01,-8.0124857895215973e-01,-8.6533205425979087e-01,-8.7283424052843306e-01,-8.2326459384768724e-01,-7.1986431450892885e-01,-5.6939441530854973e-01,-3.8169364059493555e-01,-1.6903514231551511e-01,5.4676022045113688e-02,2.7481209659876310e-01,4.7697908911908277e-01],[
5.7426663203359485e-01,6.7194476468848829e-01,7.2568658322914592e-01,7.3197808242097528e-01,6.9040788130043884e-01,6.0369412205749817e-01,4.7750673943134297e-01,3.2009672185386789e-01,1.4175660576624322e-01,-4.5852520344251503e-02,-2.3046349713854708e-01,-4.0000520465021366e-01],[
7.0761607021852579e-01,8.2797586916901755e-01,8.9419698027113803e-01,9.0194941735448386e-01,8.5072627341010987e-01,7.4387686561485511e-01,5.8838773421803425e-01,3.9442581507123992e-01,1.7467365628507855e-01,-5.6499852935415110e-02,-2.8397901789365487e-01,-4.9288970522142889e-01]]}
