{
    "nx": 14,
    "ny": 14,
    "dx": 2.5641025641025640e-02,
    "dy": 2.5641025641025640e-02,
    "x0": 4.6153846153846151e-01,
    "y0": 2.0512820512820512e-01,
    "data": [ [
6.8669413881991281e-01,6.8119050348610399e-01,6.3114600481708549e-01,5.3983289215351649e-01,4.1322183721064609e-01,2.5959153099499455e-01,8.8987366738377330e-02,-8.7435396163066614e-02,-2.5814103880046080e-01,-4.1196766643165911e-01,-5.3885704899682618e-01,-6.3051229653845453e-01,-6.8094036623839760e-01,-6.8684392827589513e-01],[
8.7264388961948680e-01,8.6564992611632430e-01,8.0205388895247365e-01,6.8601411912869692e-01,5.2511808520587311e-01,3.2988626305889862e-01,1.1308423568464207e-01,-1.1111200734766874e-01,-3.2804299241051965e-01,-5.2352429780482856e-01,-6.8477402762394590e-01,-8.0124857895215973e-01,-8.6533205425979087e-01,-8.7283424052843306e-01],[
9.9321824362449451e-01,9.8525791498503779e-01,9.1287472971928119e-01,7.8080159227346957e-01,5.9767434171922973e-01,3.7546708192052713e-01,1.2870923326730008e-01,-1.2646449954696284e-01,-3.7336912414223355e-01,-5.9586033861669663e-01,-7.7939015569443215e-01,-9.1195814897701100e-01,-9.8489612235599489e-01,-9.9343489556889575e-01],[
9.6605193781541920e-01,9.5830933848525413e-01,8.8790596355724227e-01,7.5944526402630796e-01,5.8132687322919163e-01,3.6519738174720801e-01,1.2518880418352560e-01,-1.2300546796882023e-01,-3.6315680688847468e-01,-5.7956248637498897e-01,-7.5807243277694747e-01,-8.8701445294724468e-01,-9.5795744153549722e-01,-9.6626266393937410e-01],[
8.4814440233611088e-01,8.4134679443910609e-01,7.7953621675340323e-01,6.6675426480812350e-01,5.1037538889663536e-01,3.2062470241209684e-01,1.0990939446124882e-01,-1.0799253645762265e-01,-3.1883318160846780e-01,-5.0882634709528940e-01,-6.6554898888669611e-01,-7.7875351584065255e-01,-8.4103784683861749e-01,-8.4832940914108923e-01],[
6.5057068847312216e-01,6.4535657111604949e-01,5.9794465638885264e-01,5.1143505740749140e-01,3.9148435952612631e-01,2.4593575435408704e-01,8.4306198599401208e-02,-8.2835869221892566e-02,-2.4456156510114782e-01,-3.9029616422777907e-01,-5.1051054834530418e-01,-5.9734428424671004e-01,-6.4511959230371707e-01,-6.5071259827545702e-01],[
3.9188888926954962e-01,3.8874802434005212e-01,3.6018817230584627e-01,3.0807677033732606e-01,2.3582121595604752e-01,1.4814606823386545e-01,5.0784124020709497e-02,-4.9898431263839992e-02,-1.4731828808710778e-01,-2.3510547430959025e-01,-3.0751986724298203e-01,-3.5982652187169462e-01,-3.8860527372864151e-01,-3.9197437248574551e-01],[
9.6396978399687916e-02,9.5624387246799017e-02,8.8599223954287307e-02,7.5780841429332113e-02,5.8007392613438916e-02,3.6441026348455502e-02,1.2491898189295740e-02,-1.2274035147269088e-02,-3.6237408672344755e-02,-5.7831334210349451e-02,-7.5643854193852542e-02,-8.8510265042606673e-02,-9.5589273396977106e-02,-9.6418005593800343e-02],[
-2.0814949777259820e-01,-2.0648124568495915e-01,-1.9131184685750027e-01,-1.6363317965111085e-01,-1.2525506338510214e-01,-7.8686920053643389e-02,-2.6973691265998804e-02,2.6503260724150983e-02,7.8247249456870685e-02,1.2487490138427916e-01,1.6333738382078819e-01,1.9111975833879230e-01,2.0640542453032720e-01,2.0819490168428434e-01],[
-4.9314449783497710e-01,-4.8919210137558378e-01,-4.5325300160702076e-01,-3.8767714105342749e-01,-2.9675231502031507e-01,-1.8642380640489495e-01,-6.3905642706181043e-02,6.2791106107206257e-02,1.8538214578126397e-01,2.9585164122096430e-01,3.8697634625081162e-01,4.5279790852675011e-01,4.8901246709528834e-01,4.9325206806439298e-01],[
-7.3181844994226641e-01,-7.2595315759252099e-01,-6.7262011545088196e-01,-5.7530660017362178e-01,-4.4037563056744911e-01,-2.7664991018762403e-01,-9.4834939035356836e-02,9.3180984768713893e-02,2.7510410268840579e-01,4.3903904523264720e-01,5.7426663203359485e-01,6.7194476468848829e-01,7.2568658322914592e-01,7.3197808242097528e-01],[
-9.0175271690044001e-01,-8.9452545539560169e-01,-8.2880804193659030e-01,-7.0889752751962709e-01,-5.4263447628611983e-01,-3.4089029616790001e-01,-1.1685639237295420e-01,1.1481837631351759e-01,3.3898553944533433e-01,5.4098752483645085e-01,7.0761607021852579e-01,8.2797586916901755e-01,8.9419698027113803e-01,9.0194941735448386e-01],[
7.7388325000179925e-01,7.6768082164516283e-01,7.1128220531031827e-01,6.0837512572274155e-01,4.6568834692814193e-01,2.9255169998186631e-01,1.0028603520476194e-01,-9.8537011928121462e-02,-2.9091703973045213e-01,-4.6427493489557725e-01,-6.0727538039086881e-01,-7.1056803550094316e-01,-7.6739892463271098e-01,-7.7405205812823941e-01],[
9.2709158946994563e-01,9.1966124495258572e-01,8.5209719977955078e-01,7.2881725027510691e-01,5.5788227713965743e-01,3.5046917030145375e-01,1.2014000791386235e-01,-1.1804472445921103e-01,-3.4851089071506475e-01,-5.5618904704604410e-01,-7.2749978456211251e-01,-8.5124164330675789e-01,-9.1932353981509862e-01,-9.2729381712412540e-01]]}
