{
    "nx": 29,
    "ny": 27,
    "dx": 1.0101010101010102e-02,
    "dy": 1.0101010101010102e-02,
    "x0": 2.3232323232323235e-01,
    "y0": 0.0000000000000000e+00,
    "data": [ [
7.3002622997644606e-01,6.5739024668277546e-01,5.7805258510657276e-01,4.9282204258892348e-01,4.0256749066949615e-01,3.0820901749007645e-01,2.1070854807719289e-01,1.1106003812412883e-01,1.0279341240534253e-02,-9.0606147033408177e-02,-1.9056796287548583e-01,-2.8858705872043283e-01,-3.8366419180611272e-01,-4.7483011082223986e-01,-5.6115543681520208e-01,-6.4176013761938810e-01,-7.1582249922919050e-01,-7.8258750265420218e-01,-8.4137452086087050e-01,-8.9158425733514068e-01,-9.3270485553183358e-01,-9.6431711692877820e-01,-9.8609877449092975e-01,-9.9782777797921274e-01,-9.9938455761243572e-01,-9.9075324300567713e-01,-9.7202182495883338e-01,-9.4338125844599940e-01,-9.0512351595013674e-01],[
7.2466988214069084e-01,6.5256684352207051e-01,5.7381129816913190e-01,4.8920610911579493e-01,3.9961377281820393e-01,3.0594762654821056e-01,2.0916253749685412e-01,1.1024516850654774e-01,1.0203919666697786e-02,-8.9941351688199583e-02,-1.8916972777981628e-01,-2.8646963799781844e-01,-3.8084917122321699e-01,-4.7134618773561843e-01,-5.5703812761988125e-01,-6.3705141568165369e-01,-7.1057036699463383e-01,-7.7684550229311078e-01,-8.3520118843962565e-01,-8.8504252607799849e-01,-9.2586141425645974e-01,-9.5724173019587977e-01,-9.7886357139863012e-01,-9.9050651685246127e-01,-9.9205187408347906e-01,-9.8348388915093654e-01,-9.6488990724870793e-01,-9.3645948227621389e-01,-8.9848244445616154e-01],[
7.0867943981502490e-01,6.3816741457911952e-01,5.6114967569065333e-01,4.7841137034443693e-01,3.9079596329655658e-01,2.9919663827401632e-01,2.0454719253087686e-01,1.0781251737513917e-01,9.9787617114036262e-03,-8.7956721124260437e-02,-1.8499554075152497e-01,-2.8014844770503744e-01,-3.7244541820779892e-01,-4.6094554295078988e-01,-5.4474661906899413e-01,-6.2299434752967053e-01,-6.9489104217132203e-01,-7.5970376161020037e-01,-8.1677178111470716e-01,-8.6551332827664118e-01,-9.0543151381338727e-01,-9.3611939704026204e-01,-9.5726413437372238e-01,-9.6865016857407304e-01,-9.7016142621535462e-01,-9.6178250098059659e-01,-9.4359881071948559e-01,-9.1579572666734821e-01,-8.7865668370250816e-01],[
6.8228955311920281e-01,6.1440326280959101e-01,5.4025351936256938e-01,4.6059623257117510e-01,3.7624345815364935e-01,2.8805511935837930e-01,1.9693024058960520e-01,1.0379778242154167e-01,9.6071714321692165e-03,-8.4681378600973592e-02,-1.7810665547366314e-01,-2.6971624750620554e-01,-3.5857625277886063e-01,-4.4378079967195200e-01,-5.2446128165478156e-01,-5.9979521218049647e-01,-6.6901460941686053e-01,-7.3141382533588717e-01,-7.8635673934971961e-01,-8.3328324315817603e-01,-8.7171495069904215e-01,-9.0126007499177430e-01,-9.2161742215826636e-01,-9.3257946190417029e-01,-9.3403444315914663e-01,-9.2596753330843273e-01,-9.0846096940197918e-01,-8.8169321979967685e-01,-8.4593716479916836e-01],[
6.4588747776181321e-01,5.8162311284192292e-01,5.1142946770587450e-01,4.3602212222354630e-01,3.5616980664627945e-01,2.7268656488758614e-01,1.8642345585969269e-01,9.8259877465551884e-02,9.0946016927581780e-03,-8.0163387799109850e-02,-1.6860416219267313e-01,-2.5532612366223412e-01,-3.3944519659405925e-01,-4.2010384017877528e-01,-4.9647979049820368e-01,-5.6779444298656845e-01,-6.3332078981219142e-01,-6.9239083126307321e-01,-7.4440238558197469e-01,-7.8882522782902387e-01,-8.2520649519002787e-01,-8.5317530362678573e-01,-8.7244652880556250e-01,-8.8282371275955696e-01,-8.8420106665376674e-01,-8.7656454923533389e-01,-8.5999200997524672e-01,-8.3465239544216263e-01,-8.0080402699886577e-01],[
6.0000739229576616e-01,5.4030799365322657e-01,4.7510049633533252e-01,4.0504964958477380e-01,3.3086957753209473e-01,2.5331649915130794e-01,1.7318101908516720e-01,9.1280067930267272e-02,8.4485741456855334e-03,-7.4469047515232492e-02,-1.5662750427984734e-01,-2.3718924258206281e-01,-3.1533298639183921e-01,-3.9026210960550556e-01,-4.6121275714564985e-01,-5.2746163198109319e-01,-5.8833336868320774e-01,-6.4320741834982265e-01,-6.9152437470927408e-01,-7.3279167691395852e-01,-7.6658863088701745e-01,-7.9257069803269364e-01,-8.1047300758966334e-01,-8.2011305682112690e-01,-8.2139257151492007e-01,-8.1429850782702673e-01,-7.9890318525532789e-01,-7.7536354938800645e-01,-7.4391957194242053e-01],[
5.4532255936944141e-01,4.9106417975848077e-01,4.3179971104683279e-01,3.6813331705483870e-01,3.0071403645031541e-01,2.3022916620934597e-01,1.5739725505778215e-01,8.2960778320899126e-02,7.6785688564927979e-03,-6.7681918766749297e-02,-1.4235243198375705e-01,-2.1557175208266594e-01,-2.8659345434871303e-01,-3.5469351739267474e-01,-4.1917770409155863e-01,-4.7938863889751077e-01,-5.3471250936625492e-01,-5.8458532358720638e-01,-6.2849865972472108e-01,-6.6600484905753132e-01,-6.9672153967856076e-01,-7.2033559433108174e-01,-7.3660628264523242e-01,-7.4536773523206612e-01,-7.4653063461718916e-01,-7.4008312577599000e-01,-7.2609093698812510e-01,-7.0469670977922971e-01,-6.7611854478067346e-01],[
4.8263544600242253e-01,4.3461429449681666e-01,3.8216252481060237e-01,3.2581484960123169e-01,2.6614569782186748e-01,2.0376335878108234e-01,1.3930378101762184e-01,7.3424089206786988e-02,6.7958851894902661e-03,-5.9901598584260390e-02,-1.2598842340110264e-01,-1.9079087582997845e-01,-2.5364833580497048e-01,-3.1392001122954927e-01,-3.7099147044720243e-01,-4.2428090598402601e-01,-4.7324506570838681e-01,-5.1738479094322321e-01,-5.5625010507343375e-01,-5.8944480077321060e-01,-6.1663047908943713e-01,-6.3752999920524422e-01,-6.5193030371556338e-01,-6.5968459061278084e-01,-6.6071380984046846e-01,-6.5500746915877184e-01,-6.4262374110616760e-01,-6.2368886996718176e-01,-5.9839588479165962e-01],[
4.1286594786482572e-01,3.7178670596881530e-01,3.2691733346819357e-01,2.7871524527100927e-01,2.2767183121651460e-01,1.7430744666617348e-01,1.1916610780946635e-01,6.2809945762498903e-02,5.8134759963845385e-03,-5.1242258485061268e-02,-1.0777561051168656e-01,-1.6321025827247038e-01,-2.1698108055231630e-01,-2.6853991778584374e-01,-3.1736116019787924e-01,-3.6294710606307734e-01,-4.0483303546060750e-01,-4.4259194780017530e-01,-4.7583891482329993e-01,-5.0423500470374372e-01,-5.2749073724337314e-01,-5.4536903493991107e-01,-5.5768763984230607e-01,-5.6432097155540906e-01,-5.6520140745277125e-01,-5.6031997204660255e-01,-5.4972642848719921e-01,-5.3352877125906339e-01,-5.1189212524535455e-01],[
3.3703789036183684e-01,3.0350337123305676e-01,2.6687482696178105e-01,2.2752566241810410e-01,1.8585701747714337e-01,1.4229367765142004e-01,9.7279743670900823e-02,5.1274104156598950e-02,4.7457575409733882e-03,-4.1830969074822942e-02,-8.7981255386096052e-02,-1.3323462837766858e-01,-1.7712975849906581e-01,-2.1921916262785296e-01,-2.5907376587738901e-01,-2.9628727574424196e-01,-3.3048032400360200e-01,-3.6130433412868035e-01,-3.8844507480820040e-01,-4.1162586333611095e-01,-4.3061038621699055e-01,-4.4520510823285142e-01,-4.5526124541242696e-01,-4.6067628178977066e-01,-4.6139501448976789e-01,-4.5741011648657548e-01,-4.4876221129802141e-01,-4.3553945885450324e-01,-4.1787665676418934e-01],[
2.5626400461192178e-01,2.3076630714102236e-01,2.0291609294704871e-01,1.7299727737034787e-01,1.4131486383559955e-01,1.0819183453457717e-01,7.3965857826734926e-02,3.8985845923591313e-02,3.6083979491487311e-03,-3.1805835362911455e-02,-6.6895828275627442e-02,-1.0130386047808179e-01,-1.3467916381799480e-01,-1.6668149816145075e-01,-1.9698461992613020e-01,-2.2527960792853793e-01,-2.5127801264032013e-01,-2.7471479674898730e-01,-2.9535103704588844e-01,-3.1297636009739155e-01,-3.2741108686914372e-01,-3.3850806444032122e-01,-3.4615416613469813e-01,-3.5027144477564720e-01,-3.5081792730836509e-01,-3.4778804268865121e-01,-3.4121267867618404e-01,-3.3115886695332342e-01,-3.1772909977945379e-01],[
