{
    "nx": 29,
    "ny": 27,
    "dx": 1.0101010101010102e-02,
    "dy": 1.0101010101010102e-02,
    "x0": 4.8484848484848486e-01,
    "y0": 7.3737373737373746e-01,
    "data": [ [
8.3073506342312775e-01,8.1502898739561713e-01,7.9101420570655323e-01,7.5893553388479051e-01,7.1911999372501656e-01,6.7197347950713948e-01,6.1797662016051402e-01,5.5767987955562448e-01,4.9169794487266344e-01,4.2070346025403427e-01,3.4542016962223870e-01,2.6661553856778281e-01,1.8509293052230755e-01,1.0168341697589009e-01,1.7237305228205494e-02,-6.7384529957237982e-02,-1.5131942242749699e-01,-2.3371170897665242e-01,-3.1372145229167148e-01,-3.9053300358270260e-01,-4.6336331760724131e-01,-5.3146993532171294e-01,-5.9415855278239682e-01,-6.5079009913553898e-01,-7.0078725154099020e-01,-7.4364032061386065e-01,-7.7891244638582169e-01,-8.0624405181651249e-01,-8.2535650845431463e-01],[
8.8991976040605036e-01,8.7309472432568169e-01,8.4736903907667704e-01,8.1300496176888326e-01,7.7035281246219589e-01,7.1984740287485149e-01,6.6200360375263634e-01,5.9741109608688225e-01,5.2672835968927278e-01,4.5067596040613134e-01,3.7002920440481074e-01,2.8561023441708483e-01,1.9827964851336491e-01,1.0892772684901381e-01,1.8465355820568498e-02,-7.2185257845648401e-02,-1.6209998840854398e-01,-2.5036221199038988e-01,-3.3607215097822468e-01,-4.1835604668820375e-01,-4.9637506678342619e-01,-5.6933385663970337e-01,-6.3648864748351208e-01,-6.9715483864480043e-01,-7.5071397662834005e-01,-7.9662005985642781e-01,-8.3440510481005303e-01,-8.6368391682524348e-01,-8.8415801690932860e-01],[
9.3604542036560301e-01,9.1834832151330970e-01,8.9128924165636791e-01,8.5514403102032899e-01,8.1028116719420384e-01,7.5715799873421585e-01,6.9631608278418400e-01,6.2837566424254832e-01,5.5402935275745091e-01,4.7403506200890178e-01,3.8920828325759682e-01,3.0041377192666840e-01,2.0855673196643271e-01,1.1457358787193586e-01,1.9422438426783543e-02,-7.5926710508708486e-02,-1.7050183459450613e-01,-2.6333880018494915e-01,-3.5349119306222565e-01,-4.4003996653144678e-01,-5.2210281052113783e-01,-5.9884314617704482e-01,-6.6947865425507147e-01,-7.3328925037177961e-01,-7.8962442580978398e-01,-8.3790987904319403e-01,-8.7765337037887514e-01,-9.0844974002916756e-01,-9.2998503845997271e-01],[
9.6843517699547477e-01,9.5012570964865184e-01,9.2213031089935082e-01,8.8473437615274542e-01,8.3831913334005381e-01,7.8335775654060869e-01,7.2041054227102852e-01,6.5011919761617520e-01,5.7320029843080322e-01,4.9043798430138785e-01,4.0267596473839495e-01,3.1080891809080013e-01,2.1577337086551063e-01,1.1853815043123321e-01,2.0094508435476579e-02,-7.8553984379802530e-02,-1.7640166894795631e-01,-2.7245104993652797e-01,-3.6572296458204839e-01,-4.5526656463584597e-01,-5.4016900966128922e-01,-6.1956477286537925e-01,-6.9264446459763618e-01,-7.5866308356629086e-01,-8.1694761165582086e-01,-8.6690387492148591e-01,-9.0802260081734620e-01,-9.3988460990815514e-01,-9.6216508913889742e-01],[
9.8661373010588849e-01,9.6796057468112917e-01,9.3943967267141348e-01,9.0134177665568738e-01,8.5405527061686959e-01,7.9806221061249394e-01,7.3393341051772476e-01,6.6232262293848820e-01,5.8395987461664223e-01,4.9964402426850968e-01,4.1023461872491590e-01,3.1664313039423264e-01,2.1982366537697279e-01,1.2076323695680709e-01,2.0471703623651444e-02,-8.0028525795690739e-02,-1.7971291494966060e-01,-2.7756524446282022e-01,-3.7258797165043972e-01,-4.6381239983599276e-01,-5.5030855360184683e-01,-6.3119465930116225e-01,-7.0564613418318967e-01,-7.7290399249352260e-01,-8.3228258285439438e-01,-8.8317657804734240e-01,-9.2506714594180650e-01,-9.5752723866094747e-01,-9.8022594606497648e-01],[
9.9031432036789957e-01,9.7159120069754501e-01,9.4296332250351300e-01,9.0472252891936999e-01,8.5725866067847434e-01,8.0105558193396809e-01,7.3668624756939949e-01,6.6480686228562635e-01,5.8615019100842769e-01,5.0151808881298099e-01,4.1177332651791437e-01,3.1783079528183139e-01,2.2064817986590687e-01,1.2121619564271888e-01,2.0548488878878259e-02,-8.0328696748319633e-02,-1.8038698205690526e-01,-2.7860633603633966e-01,-3.7398547441931368e-01,-4.6555206714231423e-01,-5.5237265063639929e-01,-6.3356214389859689e-01,-7.0829287133360797e-01,-7.7580300038365602e-01,-8.3540430793014597e-01,-8.8648919629360123e-01,-9.2853688730817818e-01,-9.6111873132608472e-01,-9.8390257702995332e-01],[
9.7948264384604122e-01,9.6096431044563990e-01,9.3264955295452734e-01,8.9482702243850676e-01,8.4788229570317930e-01,7.9229394458198643e-01,7.2862865719868875e-01,6.5753546093992599e-01,5.7973910603101353e-01,4.9603267716522786e-01,4.0726950850636162e-01,3.1435448448598341e-01,2.1823481507829437e-01,1.1989037959279601e-01,2.0323737423737907e-02,-7.9450092409570891e-02,-1.7841397874047457e-01,-2.7555904726466496e-01,-3.6989496537640820e-01,-4.6046003798383989e-01,-5.4633101138292250e-01,-6.2663248524572068e-01,-7.0054583677373850e-01,-7.6731756604022350e-01,-8.2626697744591682e-01,-8.7679311898068590e-01,-9.1838090854963716e-01,-9.5060638490969096e-01,-9.7314102968662897e-01],[
9.5427764887590183e-01,9.3623584714570929e-01,9.0864971238684022e-01,8.7180046781662357e-01,8.2606376820528105e-01,7.7190587031285240e-01,7.0987887969606756e-01,6.4061512234096640e-01,5.6482069849892291e-01,4.8326828444063402e-01,3.9678925550965050e-01,3.0626521077593760e-01,2.1261898569028295e-01,1.1680524435983367e-01,1.9800747350602659e-02,-7.7405605769463440e-02,-1.7382285763689015e-01,-2.6846809527698073e-01,-3.6037647028068731e-01,-4.4861103482461989e-01,-5.3227229326223446e-01,-6.1050737191372073e-01,-6.8251871357439198e-01,-7.4757220810656777e-01,-8.0500467622867322e-01,-8.5423063020907797e-01,-8.9474824254365926e-01,-9.2614446177019594e-01,-9.4809922326709306e-01],[
9.1506920359294097e-01,8.9776868611767946e-01,8.7131598402019106e-01,8.3598076588782688e-01,7.9212325194770583e-01,7.4019054184905686e-01,6.8071205676473390e-01,6.1429414227679913e-01,5.4161388706635349e-01,4.6341222042215774e-01,3.8048635893458876e-01,2.9368167937611078e-01,2.0388310061912354e-01,1.1200606244706419e-01,1.8987193224115101e-02,-7.4225238439282873e-02,-1.6668099068589110e-01,-2.5743753552711374e-01,-3.4556966732044697e-01,-4.3017893465652624e-01,-5.1040279950369172e-01,-5.8542343023833920e-01,-6.5447603892168360e-01,-7.1685667782967633e-01,-7.7192941575535146e-01,-8.1913282092575768e-01,-8.5798568444421808e-01,-8.8809192591104769e-01,-9.0914463121301503e-01],[
8.6243266834014443e-01,8.4612730980412232e-01,8.2119621785482722e-01,7.8789354922537125e-01,7.4655880358468052e-01,6.9761336255283846e-01,6.4155619398166142e-01,5.7895876529265267e-01,5.1045921772764624e-01,4.3675586090196744e-01,3.5860005397903733e-01,2.7678854603834230e-01,1.9215535372189341e-01,1.0556325896141172e-01,1.7895013461569648e-02,-6.9955660395987135e-02,-1.5709318048775467e-01,-2.4262923484235607e-01,-3.2569183741994323e-01,-4.0543421745901548e-01,-4.8104345176942670e-01,-5.5174875197076956e-01,-6.1682932219299313e-01,-6.7562170713496861e-01,-7.2752655557216495e-01,-7.7201473036376644e-01,-8.0863270267156029e-01,-8.3700717539994285e-01,-8.5684888872398901e-01],[
7.9714045260118993e-01,7.8206952433006494e-01,7.5902589130239673e-01,7.2824446879992499e-01,6.9003905398001708e-01,6.4479912691187946e-01,5.9298588007329245e-01,5.3512751678463866e-01,4.7181386650972790e-01,4.0369037191701518e-01,3.3145150899933168e-01,2.5583370732984467e-01,1.7760784262777896e-01,9.7571378167423506e-02,1.6540235143822204e-02,-6.4659525128376458e-02,-1.4520012238819804e-01,-2.2426049612517135e-01,-3.0103467577256882e-01,-3.7473999706818062e-01,-4.4462508082205759e-01,-5.0997749275269222e-01,-5.7013100630446079e-01,-6.2447239440650082e-01,-6.7244768093530871e-01,-7.1356778815136712e-01,-7.4741352253774151e-01,-7.7363984821317644e-01,-7.9197940435493785e-01],[
