{
    "nx": 12,
    "ny": 14,
    "dx": 2.5641025641025640e-02,
    "dy": 2.5641025641025640e-02,
    "x0": 0.0000000000000000e+00,
    "y0": 4.6153846153846151e-01,
    "data": [ [
0.0000000000000000e+00,2.0608104057678357e-02,3.9868710254283610e-02,5.6522429294213541e-02,6.9480327876160555e-02,7.7895130550898167e-02,8.1216620346800772e-02,7.9227615693791442e-02,7.2058171229991849e-02,6.0177073945850666e-02,4.4361190705625414e-02,2.5644671413525520e-02],[
0.0000000000000000e+00,9.6194541659915270e-02,1.8609923061087413e-01,2.6383548744922108e-01,3.2432038753888431e-01,3.6359901715903215e-01,3.7910307263403786e-01,3.6981879347763569e-01,3.3635324894131247e-01,2.8089464370203060e-01,2.0706923817311465e-01,1.1970423896050190e-01],[
0.0000000000000000e+00,2.5149149558103007e-01,4.8653876847058697e-01,6.8977283098386077e-01,8.4790485927915515e-01,9.5059510694900429e-01,9.9112898789170267e-01,9.6685612157159273e-01,8.7936363290598474e-01,7.3437237525464882e-01,5.4136286215792129e-01,3.1295536694791865e-01],[
0.0000000000000000e+00,2.4958684712647966e-01,4.8285401041821063e-01,6.8454889785049977e-01,8.4148332730607300e-01,9.4339585952645966e-01,9.8362276073007759e-01,9.5953372280232463e-01,8.7270385071123224e-01,7.2881067144290856e-01,5.3726289871232691e-01,3.1058522733495286e-01],[
0.0000000000000000e+00,2.2423851357463748e-01,4.3381478958650144e-01,6.1502530718441351e-01,7.5602129152796516e-01,8.4758346719079614e-01,8.8372487702655533e-01,8.6208235010435308e-01,7.8407102188033173e-01,6.5479180302667728e-01,4.8269784723472120e-01,2.7904182659328025e-01],[
0.0000000000000000e+00,1.7782746313906247e-01,3.4402735852374616e-01,4.8773240778071669e-01,5.9954619841335599e-01,6.7215758509290113e-01,7.0081874201420324e-01,6.8365560800505332e-01,6.2179042537856843e-01,5.1926836010590049e-01,3.8279300138094474e-01,2.2128803541260020e-01],[
0.0000000000000000e+00,1.1471308440121544e-01,2.2192544794838692e-01,3.1462681787910679e-01,3.8675574878575403e-01,4.3359596109956428e-01,4.5208472349268636e-01,4.4101311506153346e-01,4.0110507278923907e-01,3.3497005562704979e-01,2.4693242033862825e-01,1.4274866567383790e-01],[
0.0000000000000000e+00,4.0823709071187465e-02,7.8978086674495435e-02,1.1196834036967145e-01,1.3763734322421894e-01,1.5430668142842627e-01,1.6088640039390403e-01,1.5694627339005979e-01,1.4274393269083668e-01,1.1920802382621029e-01,8.7877484427936137e-02,5.0800918031171143e-02],[
-0.0000000000000000e+00,-3.6900236032797726e-02,-7.1387683922245537e-02,-1.0120732000702871e-01,-1.2440933387616707e-01,-1.3947662022129514e-01,-1.4542397748940195e-01,-1.4186252705412861e-01,-1.2902514074252031e-01,-1.0775121409277141e-01,-7.9431780970827592e-02,-4.5918558325119339e-02],[
-0.0000000000000000e+00,-1.1115814306815676e-01,-2.1504801149998706e-01,-3.0487657983777561e-01,-3.7477024596074260e-01,-4.2015888709875554e-01,-4.3807468550985684e-01,-4.2734618456849716e-01,-3.8867488655894994e-01,-3.2458938368974333e-01,-2.3928002155503569e-01,-1.3832490586917584e-01],[
-0.0000000000000000e+00,-1.7497496904458895e-01,-3.3850888577941590e-01,-4.7990879162875111e-01,-5.8992900003381921e-01,-6.6137564225804379e-01,-6.8957705140239622e-01,-6.7268922772799178e-01,-6.1181641188771907e-01,-5.1093888216980299e-01,-3.7665269686008990e-01,-2.1773839913567450e-01],[
-0.0000000000000000e+00,-2.2235640140386134e-01,-4.3017363052632207e-01,-6.0986318495333736e-01,-7.4967574075050225e-01,-8.4046940309039597e-01,-8.7630746544923632e-01,-8.5484659181521050e-01,-7.7749003991827159e-01,-6.4929590670558990e-01,-4.7864639559688510e-01,-2.7669973107358264e-01],[
0.0000000000000000e+00,1.8647299195674150e-01,3.6075311274462890e-01,5.1144474395393580e-01,6.2869464289101884e-01,7.0483621453158274e-01,7.3489080559256748e-01,7.1689324271029276e-01,6.5202032882696592e-01,5.4451389581876053e-01,4.0140344470744482e-01,2.3204650912299168e-01],[
0.0000000000000000e+00,2.2977355536583044e-01,4.4452295452980695e-01,6.3020642270128002e-01,7.7468271314074322e-01,8.6850498436301804e-01,9.0553849881829418e-01,8.8336175371442560e-01,8.0342481532191412e-01,6.7095450378894805e-01,4.9461262812749490e-01,2.8592961828911018e-01]]}
