{
    "nx": 14,
    "ny": 12,
    "dx": 2.5641025641025640e-02,
    "dy": 2.5641025641025640e-02,
    "x0": 4.6153846153846151e-01,
    "y0": 7.1794871794871795e-01,
    "data": [ [
6.8669413881991281e-01,6.8119050348610399e-01,6.3114600481708549e-01,5.3983289215351649e-01,4.1322183721064609e-01,2.5959153099499455e-01,8.8987366738377330e-02,-8.7435396163066614e-02,-2.5814103880046080e-01,-4.1196766643165911e-01,-5.3885704899682618e-01,-6.3051229653845453e-01,-6.8094036623839760e-01,-6.8684392827589513e-01],[
8.7264388961948680e-01,8.6564992611632430e-01,8.0205388895247365e-01,6.8601411912869692e-01,5.2511808520587311e-01,3.2988626305889862e-01,1.1308423568464207e-01,-1.1111200734766874e-01,-3.2804299241051965e-01,-5.2352429780482856e-01,-6.8477402762394590e-01,-8.0124857895215973e-01,-8.6533205425979087e-01,-8.7283424052843306e-01],[
9.7662622592646819e-01,9.6879887703694634e-01,8.9762487524992474e-01,7.6775806038024508e-01,5.8769000713907382e-01,3.6919478828492314e-01,1.2655910575003124e-01,-1.2435187100019145e-01,-3.6713187753965643e-01,-5.8590630751895734e-01,-7.6637020228544239e-01,-8.9672360627220882e-01,-9.6844312826557777e-01,-9.7683925863318533e-01],[
9.8887408999672077e-01,9.8094857836828786e-01,9.0888198382051344e-01,7.7738650994748615e-01,5.9506022425162053e-01,3.7382485807244065e-01,1.2814628279169693e-01,-1.2591136712312948e-01,-3.7173607637498529e-01,-5.9325415526448377e-01,-7.7598124673203173e-01,-9.0796941203355808e-01,-9.8058836815355521e-01,-9.8908979434542865e-01],[
9.0823704032387853e-01,9.0095780902711731e-01,8.3476783479237060e-01,7.1399506785009959e-01,5.4653645227022529e-01,3.4334157010457556e-01,1.1769668331751271e-01,-1.1564401229222585e-01,-3.4142311665739727e-01,-5.4487765792209630e-01,-7.1270439584585632e-01,-8.3392967803687290e-01,-9.0062697190373364e-01,-9.0843515521154450e-01],[
7.4228931257568442e-01,7.3634009958892332e-01,6.8224396797047282e-01,5.8353809035126347e-01,4.4667652764805754e-01,2.8060821870984093e-01,9.6191837894037069e-02,-9.4514218840138026e-02,-2.7904029378794326e-01,-4.4532081844252014e-01,-5.8248324234104720e-01,-6.8155895428544722e-01,-7.3606971107800834e-01,-7.4245122907682615e-01],[
5.0661837186390335e-01,5.0255798658533013e-01,4.6563694561064894e-01,3.9826939745166495e-01,3.0486029012280508e-01,1.9151734571136619e-01,6.5651696009707480e-02,-6.4506707634831031e-02,-1.9044722445584067e-01,-3.0393500778505050e-01,-3.9754945527757474e-01,-4.6516941831107356e-01,-5.0237344427163966e-01,-5.0672888116640380e-01],[
2.2336078261185952e-01,2.2157061690943725e-01,2.0529265885472084e-01,1.7559127194276919e-01,1.3440853465022159e-01,8.4437254149418092e-02,2.8944892279712791e-02,-2.8440083307718800e-02,-8.3965453017839753e-02,-1.3400059092260383e-01,-1.7527385975171805e-01,-2.0508653276588329e-01,-2.2148925484698526e-01,-2.2340950458023501e-01],[
-8.0877078280793213e-02,-8.0228874196094993e-02,-7.4334761216868425e-02,-6.3580136496107359e-02,-4.8668210468275359e-02,-3.0574026173272931e-02,-1.0480704317746970e-02,1.0297917195193984e-02,3.0403190914704128e-02,4.8520497443603372e-02,6.3465204186492694e-02,7.4260124677599126e-02,8.0199413671212028e-02,8.0894720099577253e-02],[
-3.7751815762572649e-01,-3.7449246954422644e-01,-3.4697991938718242e-01,-2.9677946461256927e-01,-2.2717355203084386e-01,-1.4271348913052670e-01,-4.8921848671621269e-02,4.8068634643484223e-02,1.4191606403254653e-01,2.2648405693387849e-01,2.9624298339069877e-01,3.4663153082771103e-01,3.7435495365823102e-01,3.7760050613615848e-01],[
-6.3869896769852985e-01,-6.3357999841136858e-01,-5.8703326409116330e-01,-5.0210230648056398e-01,-3.8434048863513659e-01,-2.4144787831553868e-01,-8.2767765240701299e-02,8.1324266675163959e-02,2.4009876549378731e-01,3.8317397571974571e-01,5.0119466801158719e-01,5.8644384763847723e-01,6.3334734402732562e-01,6.3883828790748409e-01],[
-8.3988680280858663e-01,-8.3315537694804176e-01,-7.7194659182936831e-01,-6.6026269369489177e-01,-5.0540633461931583e-01,-3.1750307550062012e-01,-1.0883930809237834e-01,1.0694111276659507e-01,3.1572899708215668e-01,5.0387237440880717e-01,6.5906915243309527e-01,7.7117151135326667e-01,8.3284943728529670e-01,8.4007000837299650e-01]]}
