{
    "nx": 27,
    "ny": 27,
    "dx": 1.0101010101010102e-02,
    "dy": 1.0101010101010102e-02,
    "x0": 0.0000000000000000e+00,
    "y0": 0.0000000000000000e+00,
    "data": [ [
0.0000000000000000e+00,1.0083842025810462e-01,2.0064885652268544e-01,2.9841380444764110e-01,3.9313661214832984e-01,4.8385164043793466e-01,5.6963410690896565e-01,6.4960951350570661e-01,7.2296256147946047e-01,7.8894546284425737e-01,8.4688556360298339e-01,8.9619220102995634e-01,9.3636272510428475e-01,9.6698762270929961e-01,9.8775469236008395e-01,9.9845222690038948e-01,9.9897117172335681e-01,9.8930623651434002e-01,9.6955594918232357e-01,9.3992165143013107e-01,9.0070544620295545e-01,8.5230711793967517e-01,7.9522005702304910e-01,7.3002622997644606e-01,6.5739024668277546e-01,5.7805258510657276e-01,4.9282204258892348e-01],[
0.0000000000000000e+00,1.0009854868646546e-01,1.9917665590269301e-01,2.9622428293460695e-01,3.9025209053092874e-01,4.8030152459186432e-01,5.6545458802262005e-01,6.4484319913387289e-01,7.1765804118621357e-01,7.8315681286304895e-01,8.4067179556360272e-01,8.8961666037224263e-01,9.2949244531138464e-01,9.5989264194365198e-01,9.8050733946859847e-01,9.9112638406754294e-01,9.9164152128899508e-01,9.8204749963440108e-01,9.6244212409385521e-01,9.3302525908600975e-01,8.9409679096658423e-01,8.4605357087641098e-01,7.8938536909475088e-01,7.2466988214069084e-01,6.5256684352207051e-01,5.7381129816913190e-01,4.8920610911579493e-01],[
0.0000000000000000e+00,9.7889791141684501e-02,1.9478165770099781e-01,2.8968784830628341e-01,3.8164085429785755e-01,4.6970327286760605e-01,5.5297736328844316e-01,6.3061419881390901e-01,7.0182232095007080e-01,7.6587580787489407e-01,8.2212167475264297e-01,8.6998653050178110e-01,9.0898242315482936e-01,9.3871181422042804e-01,9.5887163133712572e-01,9.6925635790464948e-01,9.6976012819581725e-01,9.6037780659074901e-01,9.4120503993126781e-01,9.1243728246176836e-01,8.7436780329666686e-01,8.2738469672704162e-01,7.7196692584449933e-01,7.0867943981502490e-01,6.3816741457911952e-01,5.6114967569065333e-01,4.7841137034443693e-01],[
0.0000000000000000e+00,9.4244559811732243e-02,1.8752835587175973e-01,2.7890041880789873e-01,3.6742926815949573e-01,4.5221240823229464e-01,5.3238552847192100e-01,6.0713131456398717e-01,6.7568778043721844e-01,7.3735603623009349e-01,7.9150741303148353e-01,8.3758987176306277e-01,8.7513363086898155e-01,9.0375595544206033e-01,9.2316505896439016e-01,9.3316307788655661e-01,9.3364808872153349e-01,9.2461514709024595e-01,9.0615633812639251e-01,8.7845983772667779e-01,8.4180799421641950e-01,7.9657444998673421e-01,7.4322033244639563e-01,6.8228955311920281e-01,6.1440326280959101e-01,5.4025351936256938e-01,4.6059623257117510e-01],[
0.0000000000000000e+00,8.9216346273056954e-02,1.7752318825504476e-01,2.6402029347659545e-01,3.4782587859137837e-01,4.2808559860028106e-01,5.0398125635897439e-01,5.7473914358093237e-01,6.3963792830465083e-01,6.9801600841732048e-01,7.4927825627042333e-01,7.9290208563015918e-01,8.2844277911397457e-01,8.5553802180334348e-01,8.7391159481548275e-01,8.8337619118037058e-01,8.8383532531698195e-01,8.7528431664283524e-01,8.5781033728957456e-01,8.3159152343815479e-01,7.9689515933300836e-01,7.5407495248802014e-01,7.0356742786186499e-01,6.4588747776181321e-01,5.8162311284192292e-01,5.1142946770587450e-01,4.3602212222354630e-01],[
0.0000000000000000e+00,8.2878936533885963e-02,1.6491297466556532e-01,2.4526582919830814e-01,3.2311835354014901e-01,3.9767689038592585e-01,4.6818136255214238e-01,5.3391302148370212e-01,5.9420177444138467e-01,6.4843301567401523e-01,6.9605389193584333e-01,7.3657893847613731e-01,7.6959502804564461e-01,7.9476558246791884e-01,8.1183400384120796e-01,8.2062629039196622e-01,8.2105281031301625e-01,8.1310921550320125e-01,7.9687648589353000e-01,7.7252010390793613e-01,7.4028836747450355e-01,7.0050985878494298e-01,6.5359009460671680e-01,6.0000739229576616e-01,5.4030799365322657e-01,4.7510049633533252e-01,4.0504964958477380e-01],[
0.0000000000000000e+00,7.5325328268951580e-02,1.4988276240024004e-01,2.2291223645184652e-01,2.9366926106953134e-01,3.6143251308549612e-01,4.2551118895241014e-01,4.8525204704918512e-01,5.4004606706664049e-01,5.8933465858482936e-01,6.3261535554950032e-01,6.6944693859610616e-01,6.9945393300250069e-01,7.2233043641653916e-01,7.3784323733731505e-01,7.4583419255908923e-01,7.4622183934137154e-01,7.3900222587009812e-01,7.2424895154388036e-01,7.0211241667462898e-01,6.7281828925138465e-01,6.3666520439772689e-01,5.9402171997534092e-01,5.4532255936944141e-01,4.9106417975848077e-01,4.3179971104683279e-01,3.6813331705483870e-01],[
0.0000000000000000e+00,6.6666366134570665e-02,1.3265311078045358e-01,1.9728754076071192e-01,2.5991074889214938e-01,3.1988433112780196e-01,3.7659689468290836e-01,4.2947029079812538e-01,4.7796550860090492e-01,5.2158816998083934e-01,5.5989356946219115e-01,5.9249120769529229e-01,6.1904877235072953e-01,6.3929552583361704e-01,6.5302506528234761e-01,6.6009742671537897e-01,6.6044051187560882e-01,6.5405082322656005e-01,6.4099349960755625e-01,6.2140165218440346e-01,5.9547500746514304e-01,5.6347787121447213e-01,5.2573643402343828e-01,4.8263544600242253e-01,4.3461429449681666e-01,3.8216252481060237e-01,3.2581484960123169e-01],[
0.0000000000000000e+00,5.7029115190007994e-02,1.1347685457672496e-01,1.6876776911591140e-01,2.2233820286186634e-01,2.7364203908372453e-01,3.2215626758053834e-01,3.6738631643988362e-01,4.0887109388607901e-01,4.4618768881956122e-01,4.7895568212838624e-01,5.0684102482075943e-01,5.2955944344348416e-01,5.4687933807023703e-01,5.5862414331651233e-01,5.6467412831217811e-01,5.6496761728206191e-01,5.5950161829151657e-01,5.4833185374730464e-01,5.3157219234286146e-01,5.0939348823889818e-01,4.8202183931316456e-01,4.4973628223541362e-01,4.1286594786482572e-01,3.7178670596881530e-01,3.2691733346819357e-01,2.7871524527100927e-01],[
0.0000000000000000e+00,4.6554996294185823e-02,9.2635393810579544e-02,1.3777143200611811e-01,1.8150297748444996e-01,2.2338421476523812e-01,2.6298819109135468e-01,2.9991116894252773e-01,3.3377674188431405e-01,3.6423967179391725e-01,3.9098940834475782e-01,4.1375325487087389e-01,4.3229914833716465e-01,4.4643802507543540e-01,4.5602574816906111e-01,4.6096457683779779e-01,4.6120416284329346e-01,4.5674206375757165e-01,4.4762376786204239e-01,4.3394223042320851e-01,4.1583692607244488e-01,3.9349242695023945e-01,3.6713652110981765e-01,3.3703789036183684e-01,3.0350337123305676e-01,2.6687482696178105e-01,2.2752566241810410e-01],[
0.0000000000000000e+00,3.5397710839671595e-02,7.0434564378550224e-02,1.0475338202806601e-01,1.3800430512194808e-01,1.6984836150431665e-01,1.9996092113667888e-01,2.2803500549609815e-01,2.5378441702731269e-01,2.7694665674601682e-01,2.9728560025018169e-01,3.1459390485917060e-01,3.2869512334138756e-01,3.3944550268233858e-01,3.4673544955580421e-01,3.5049064755856846e-01,3.5067281481920309e-01,3.4728009425756340e-01,3.4034707251654739e-01,3.2994442737312024e-01,3.1617820722302609e-01,2.9918874998438588e-01,2.7914925244127520e-01,2.5626400461192178e-01,2.3076630714102236e-01,2.0291609294704871e-01,1.7299727737034787e-01],[
0.0000000000000000e+00,2.3720985277223515e-02,4.7200150094416179e-02,7.0198139198375850e-02,9.2480502618331573e-02,1.1382008573529022e-01,1.3399934497988059e-01,1.5281256555161782e-01,1.7006795855134141e-01,1.8558961614788674e-01,1.9921930484730013e-01,2.1081807858335158e-01,2.2026769518490591e-01,2.2747182178016212e-01,2.3235701684942678e-01,2.3487347891501317e-01,2.3499555423584614e-01,2.3272199833114643e-01,2.2807598866712611e-01,2.2110488837736211e-01,2.1187976342556933e-01,2.0049465813299380e-01,1.8706563645596677e-01,1.7172959878718908e-01,1.5464288634270953e-01,1.3597968736198981e-01,1.1593026136884076e-01],[
