{
    "nx": 14,
    "ny": 14,
    "dx": 2.5641025641025640e-02,
    "dy": 2.5641025641025640e-02,
    "x0": 2.0512820512820512e-01,
    "y0": 2.0512820512820512e-01,
    "data": [ [
-6.1181641188771907e-01,-5.1093888216980299e-01,-3.7665269686008990e-01,-2.1773839913567450e-01,-4.4586885494276626e-02,1.3148002165771694e-01,2.9894987167812082e-01,4.4687234793105451e-01,5.6557527388841189e-01,6.4729704574700053e-01,6.8669413881991281e-01,6.8119050348610399e-01,6.3114600481708549e-01,5.3983289215351649e-01],[
-7.7749003991827159e-01,-6.4929590670558990e-01,-4.7864639559688510e-01,-2.7669973107358264e-01,-5.6660558149817082e-02,1.6708346703499979e-01,3.7990243992872841e-01,5.6788081012617486e-01,7.1872727460110719e-01,8.2257846660899092e-01,8.7264388961948680e-01,8.6564992611632430e-01,8.0205388895247365e-01,6.8601411912869692e-01],[
-8.8491686135553693e-01,-7.3900997614491148e-01,-5.4478159763340550e-01,-3.1493169685529959e-01,-6.4489421994215687e-02,1.9016960943776925e-01,4.3239405973403799e-01,6.4634564858698262e-01,8.1803476746465786e-01,9.3623521526628894e-01,9.9321824362449451e-01,9.8525791498503779e-01,9.1287472971928119e-01,7.8080159227346957e-01],[
-8.6071279319075555e-01,-7.1879672378393256e-01,-5.2988084085062825e-01,-3.0631774836949560e-01,-6.2725520283195835e-02,1.8496812849564911e-01,4.2056730430323114e-01,6.2866693229216031e-01,7.9566004489179842e-01,9.1062749779793628e-01,9.6605193781541920e-01,9.5830933848525413e-01,8.8790596355724227e-01,7.5944526402630796e-01],[
-7.5566199806464107e-01,-6.3106691662302827e-01,-4.6520839251034202e-01,-2.6893138292677243e-01,-5.5069812325119073e-02,1.6239259676755166e-01,3.6923667453843173e-01,5.5193754982072996e-01,6.9854899806268622e-01,7.9948456665507805e-01,8.4814440233611088e-01,8.4134679443910609e-01,7.7953621675340323e-01,6.6675426480812350e-01],[
-5.7963189402630522e-01,-4.8406101282898722e-01,-3.5683893375386588e-01,-2.0628430071671308e-01,-4.2241398539868628e-02,1.2456353327453436e-01,2.8322365496058433e-01,4.2336468977689834e-01,5.3582326470599695e-01,6.1324607404095222e-01,6.5057068847312216e-01,6.4535657111604949e-01,5.9794465638885264e-01,5.1143505740749140e-01],[
-3.4915698349136221e-01,-2.9158727255521327e-01,-2.1495160460600790e-01,-1.2426094030050712e-01,-2.5445251451203993e-02,7.5034220820824157e-02,1.7060744593006838e-01,2.5502519706506982e-01,3.2276766809651969e-01,3.6940539600524835e-01,3.9188888926954962e-01,3.8874802434005212e-01,3.6018817230584627e-01,3.0807677033732606e-01],[
-8.5885767923791670e-02,-7.1724748477866210e-02,-5.2873877656509589e-02,-3.0565753472622460e-02,-6.2590326535877337e-03,1.8456946246126763e-02,4.1966084598113684e-02,6.2731195208620777e-02,7.9394514061400412e-02,9.0866480154156812e-02,9.6396978399687916e-02,9.5624387246799017e-02,8.8599223954287307e-02,7.5780841429332113e-02],[
1.8545269526009375e-01,1.5487487908212394e-01,1.1417029104231657e-01,6.6000473666174717e-02,1.3515096894269430e-02,-3.9853988738298096e-02,-9.0617149806928116e-02,-1.3545514594046143e-01,-1.7143616430858463e-01,-1.9620752146431111e-01,-2.0814949777259820e-01,-2.0648124568495915e-01,-1.9131184685750027e-01,-1.6363317965111085e-01],[
4.3937159231628725e-01,3.6692711387488758e-01,2.7049044771295294e-01,1.5636727828444993e-01,3.2019753794443002e-02,-9.4421439750675989e-02,-2.1468871803666351e-01,-3.2091818927639093e-01,-4.0616384888458384e-01,-4.6485175645089150e-01,-4.9314449783497710e-01,-4.8919210137558378e-01,-4.5325300160702076e-01,-3.8767714105342749e-01],[
6.5202032882696592e-01,5.4451389581876053e-01,4.0140344470744482e-01,2.3204650912299168e-01,4.7516796176895880e-02,-1.4011988774693740e-01,-3.1859458139236663e-01,-4.7623739667702292e-01,-6.0274057526394031e-01,-6.8983247983569607e-01,-7.3181844994226641e-01,-7.2595315759252099e-01,-6.7262011545088196e-01,-5.7530660017362178e-01],[
8.0342481532191412e-01,6.7095450378894805e-01,4.9461262812749490e-01,2.8592961828911018e-01,5.8550587313425405e-02,-1.7265687887146541e-01,-3.9257486523192975e-01,-5.8682363962944295e-01,-7.4270189740812242e-01,-8.5001725898968739e-01,-9.0175271690044001e-01,-8.9452545539560169e-01,-8.2880804193659030e-01,-7.0889752751962709e-01],[
-6.8949834645418062e-01,-5.7581246195775371e-01,-4.2447604645198750e-01,-2.4538450300869008e-01,-5.0248053541080112e-02,1.4817395506773820e-01,3.3690734375491393e-01,5.0361144125552715e-01,6.3738600103620069e-01,7.2948393347306961e-01,7.7388325000179925e-01,7.6768082164516283e-01,7.1128220531031827e-01,6.0837512572274155e-01],[
-8.2600071515906226e-01,-6.8980804351531755e-01,-5.0851103521904195e-01,-2.9396412046014719e-01,-6.0195834223137124e-02,1.7750846464434827e-01,4.0360605404641381e-01,6.0331313741155568e-01,7.6357150875816204e-01,8.7390238692304534e-01,9.2709158946994563e-01,9.1966124495258572e-01,8.5209719977955078e-01,7.2881725027510691e-01]]}
