{
    "nx": 12,
    "ny": 12,
    "dx": 2.5641025641025640e-02,
    "dy": 2.5641025641025640e-02,
    "x0": 0.0000000000000000e+00,
    "y0": 7.1794871794871795e-01,
    "data": [ [
-0.0000000000000000e+00,-1.7497496904458895e-01,-3.3850888577941590e-01,-4.7990879162875111e-01,-5.8992900003381921e-01,-6.6137564225804379e-01,-6.8957705140239622e-01,-6.7268922772799178e-01,-6.1181641188771907e-01,-5.1093888216980299e-01,-3.7665269686008990e-01,-2.1773839913567450e-01],[
-0.0000000000000000e+00,-2.2235640140386134e-01,-4.3017363052632207e-01,-6.0986318495333736e-01,-7.4967574075050225e-01,-8.4046940309039597e-01,-8.7630746544923632e-01,-8.5484659181521050e-01,-7.7749003991827159e-01,-6.4929590670558990e-01,-4.7864639559688510e-01,-2.7669973107358264e-01],[
-0.0000000000000000e+00,-2.4885190361939663e-01,-4.8143217900396940e-01,-6.8253314752732219e-01,-8.3900546152571476e-01,-9.4061789798902096e-01,-9.8072634543519910e-01,-9.5670824106111974e-01,-8.7013405171713076e-01,-7.2666458611414786e-01,-5.3568085268886345e-01,-3.0967066553470679e-01],[
-0.0000000000000000e+00,-2.5197275395931312e-01,-4.8746981728456384e-01,-6.9109279193624240e-01,-8.4952742435465500e-01,-9.5241418181878124e-01,-9.9302562908141789e-01,-9.6870631379390049e-01,-8.8104639802261686e-01,-7.3577768264905752e-01,-5.4239882328457034e-01,-3.1355424362971007e-01],[
-0.0000000000000000e+00,-2.3142581104437907e-01,-4.4771943018470861e-01,-6.3473811103638100e-01,-7.8025330158301354e-01,-8.7475022999181495e-01,-9.1205004504229192e-01,-8.8971383140005633e-01,-8.0920208247212644e-01,-6.7577920342493547e-01,-4.9816928860656690e-01,-2.8798568098410243e-01],[
-0.0000000000000000e+00,-1.8914104860901032e-01,-3.6591477037764564e-01,-5.1876249832176813e-01,-6.3769000949402943e-01,-7.1492101518398610e-01,-7.4540562750847950e-01,-7.2715055539192475e-01,-6.6134943947986324e-01,-5.5230480380359659e-01,-4.0714672752635167e-01,-2.3536663192364357e-01],[
-0.0000000000000000e+00,-1.2909027312603005e-01,-2.4973974711615624e-01,-3.5405953963135939e-01,-4.3522851385631695e-01,-4.8793929076928549e-01,-5.0874528164250377e-01,-4.9628604943039489e-01,-4.5137626338683307e-01,-3.7695243045421217e-01,-2.7788088648802323e-01,-1.6063960215524320e-01],[
-0.0000000000000000e+00,-5.6914052143285841e-02,-1.1010667686591061e-01,-1.5609977895649585e-01,-1.9188601690911150e-01,-2.1512544334373476e-01,-2.2429850666427631e-01,-2.1880540966623233e-01,-1.9900532835312146e-01,-1.6619292656902243e-01,-1.2251370208010513e-01,-7.0823699353508143e-02],[
0.0000000000000000e+00,2.0608104057678357e-02,3.9868710254283610e-02,5.6522429294213541e-02,6.9480327876160555e-02,7.7895130550898167e-02,8.1216620346800772e-02,7.9227615693791442e-02,7.2058171229991849e-02,6.0177073945850666e-02,4.4361190705625414e-02,2.5644671413525520e-02],[
0.0000000000000000e+00,9.6194541659915270e-02,1.8609923061087413e-01,2.6383548744922108e-01,3.2432038753888431e-01,3.6359901715903215e-01,3.7910307263403786e-01,3.6981879347763569e-01,3.3635324894131247e-01,2.8089464370203060e-01,2.0706923817311465e-01,1.1970423896050190e-01],[
0.0000000000000000e+00,1.6274542883665061e-01,3.1484945579358270e-01,4.4636648614692354e-01,5.4869704288511423e-01,6.1515005894341179e-01,6.4138038462974400e-01,6.2567290303385759e-01,5.6905467602394100e-01,4.7522778796350901e-01,3.5032727828261856e-01,2.0251999091659209e-01],[
0.0000000000000000e+00,2.1400964274275194e-01,4.1402588099580595e-01,5.8697029413048452e-01,7.2153460137863523e-01,8.0892007406118283e-01,8.4341285625042850e-01,8.2275757549229411e-01,7.4830481438106144e-01,6.2492280029308589e-01,4.6067908760470005e-01,2.6631304617364898e-01]]}
