{
    "nx": 12,
    "ny": 14,
    "dx": 2.5641025641025640e-02,
    "dy": 2.5641025641025640e-02,
    "x0": 0.0000000000000000e+00,
    "y0": 2.0512820512820512e-01,
    "data": [ [
-0.0000000000000000e+00,-1.7497496904458895e-01,-3.3850888577941590e-01,-4.7990879162875111e-01,-5.8992900003381921e-01,-6.6137564225804379e-01,-6.8957705140239622e-01,-6.7268922772799178e-01,-6.1181641188771907e-01,-5.1093888216980299e-01,-3.7665269686008990e-01,-2.1773839913567450e-01],[
-0.0000000000000000e+00,-2.2235640140386134e-01,-4.3017363052632207e-01,-6.0986318495333736e-01,-7.4967574075050225e-01,-8.4046940309039597e-01,-8.7630746544923632e-01,-8.5484659181521050e-01,-7.7749003991827159e-01,-6.4929590670558990e-01,-4.7864639559688510e-01,-2.7669973107358264e-01],[
-0.0000000000000000e+00,-2.5307967784809265e-01,-4.8961128685749400e-01,-6.9412878336284356e-01,-8.5325942388799880e-01,-9.5659816597302783e-01,-9.9738802054529052e-01,-9.7296186977406496e-01,-8.8491686135553693e-01,-7.3900997614491148e-01,-5.4478159763340550e-01,-3.1493169685529959e-01],[
-0.0000000000000000e+00,-2.4615749335680287e-01,-4.7621953732840028e-01,-6.7514311236781333e-01,-8.2992124359116126e-01,-9.3043348516894775e-01,-9.7010766383580815e-01,-9.4634961223196012e-01,-8.6071279319075555e-01,-7.1879672378393256e-01,-5.2988084085062825e-01,-3.0631774836949560e-01],[
-0.0000000000000000e+00,-2.1611374286539778e-01,-4.1809650087917727e-01,-5.9274126898956592e-01,-7.2862858566736621e-01,-8.1687321488806020e-01,-8.5170512323211212e-01,-8.3084676387331513e-01,-7.5566199806464107e-01,-6.3106691662302827e-01,-4.6520839251034202e-01,-2.6893138292677243e-01],[
-0.0000000000000000e+00,-1.6577043496035229e-01,-3.2070167258779875e-01,-4.5466325591589146e-01,-5.5889586645053957e-01,-6.2658406792665033e-01,-6.5330194583730639e-01,-6.3730250379524866e-01,-5.7963189402630522e-01,-4.8406101282898722e-01,-3.5683893375386588e-01,-2.0628430071671308e-01],[
-0.0000000000000000e+00,-9.9856315049807992e-02,-1.9318334576721644e-01,-2.7387873679143931e-01,-3.3666607518806674e-01,-3.7743989817628526e-01,-3.9353413617926136e-01,-3.8389643856716921e-01,-3.4915698349136221e-01,-2.9158727255521327e-01,-2.1495160460600790e-01,-1.2426094030050712e-01],[
-0.0000000000000000e+00,-2.4562694448598942e-02,-4.7519313047665900e-02,-6.7368796098883410e-02,-8.2813249536884667e-02,-9.2842810061537703e-02,-9.6801676861829181e-02,-9.4430992328600291e-02,-8.5885767923791670e-02,-7.1724748477866210e-02,-5.2873877656509589e-02,-3.0565753472622460e-02],[
0.0000000000000000e+00,5.3038099308662649e-02,1.0260820732740469e-01,1.4546909359943749e-01,1.7881822217028331e-01,2.0047500042976832e-01,2.0902336107249100e-01,2.0390435419944511e-01,1.8545269526009375e-01,1.5487487908212394e-01,1.1417029104231657e-01,6.6000473666174717e-02],[
0.0000000000000000e+00,1.2565702598171397e-01,2.4309774185235397e-01,3.4464307568004005e-01,4.2365330360896308e-01,4.7496220011739915e-01,4.9521484094324081e-01,4.8308697082663882e-01,4.3937159231628725e-01,3.6692711387488758e-01,2.7049044771295294e-01,1.5636727828444993e-01],[
0.0000000000000000e+00,1.8647299195674150e-01,3.6075311274462890e-01,5.1144474395393580e-01,6.2869464289101884e-01,7.0483621453158274e-01,7.3489080559256748e-01,7.1689324271029276e-01,6.5202032882696592e-01,5.4451389581876053e-01,4.0140344470744482e-01,2.3204650912299168e-01],[
0.0000000000000000e+00,2.2977355536583044e-01,4.4452295452980695e-01,6.3020642270128002e-01,7.7468271314074322e-01,8.6850498436301804e-01,9.0553849881829418e-01,8.8336175371442560e-01,8.0342481532191412e-01,6.7095450378894805e-01,4.9461262812749490e-01,2.8592961828911018e-01],[
-0.0000000000000000e+00,-1.9719142782533983e-01,-3.8148914032039460e-01,-5.4084250086703156e-01,-6.6483190405708603e-01,-7.4535008028794358e-01,-7.7713220413243644e-01,-7.5810014439611062e-01,-6.8949834645418062e-01,-5.7581246195775371e-01,-4.2447604645198750e-01,-2.4538450300869008e-01],[
-0.0000000000000000e+00,-2.3623009575671439e-01,-4.5701386283310236e-01,-6.4791495846505398e-01,-7.9645097197953463e-01,-8.9290960961371713e-01,-9.3098375026949831e-01,-9.0818384794340945e-01,-8.2600071515906226e-01,-6.8980804351531755e-01,-5.0851103521904195e-01,-2.9396412046014719e-01]]}
