{
    "nx": 22,
    "ny": 22,
    "dx": 2.5641025641025640e-02,
    "dy": 2.5641025641025640e-02,
    "x0": 0.0000000000000000e+00,
    "y0": 4.6153846153846151e-01,
    "data": [ [
0.0000000000000000e+00,1.8647299195674150e-01,3.6075311274462890e-01,5.1144474395393580e-01,6.2869464289101884e-01,7.0483621453158274e-01,7.3489080559256748e-01,7.1689324271029276e-01,6.5202032882696592e-01,5.4451389581876053e-01,4.0140344470744482e-01,2.3204650912299168e-01,4.7516796176895880e-02,-1.4011988774693740e-01,-3.1859458139236663e-01,-4.7623739667702292e-01,-6.0274057526394031e-01,-6.8983247983569607e-01,-7.3181844994226641e-01,-7.2595315759252099e-01,-6.7262011545088196e-01,-5.7530660017362178e-01],[
0.0000000000000000e+00,2.2977355536583044e-01,4.4452295452980695e-01,6.3020642270128002e-01,7.7468271314074322e-01,8.6850498436301804e-01,9.0553849881829418e-01,8.8336175371442560e-01,8.0342481532191412e-01,6.7095450378894805e-01,4.9461262812749490e-01,2.8592961828911018e-01,5.8550587313425405e-02,-1.7265687887146541e-01,-3.9257486523192975e-01,-5.8682363962944295e-01,-7.4270189740812242e-01,-8.5001725898968739e-01,-9.0175271690044001e-01,-8.9452545539560169e-01,-8.2880804193659030e-01,-7.0889752751962709e-01],[
0.0000000000000000e+00,2.5149149558103007e-01,4.8653876847058697e-01,6.8977283098386077e-01,8.4790485927915515e-01,9.5059510694900429e-01,9.9112898789170267e-01,9.6685612157159273e-01,8.7936363290598474e-01,7.3437237525464882e-01,5.4136286215792129e-01,3.1295536694791865e-01,6.4084723532074422e-02,-1.8897621451957053e-01,-4.2968060370354239e-01,-6.4228955563551671e-01,-8.1290125250772860e-01,-9.3035994239045594e-01,-9.8698537808878650e-01,-9.7907500388618007e-01,-9.0714605379351232e-01,-7.7590173127519824e-01],[
0.0000000000000000e+00,2.4958684712647966e-01,4.8285401041821063e-01,6.8454889785049977e-01,8.4148332730607300e-01,9.4339585952645966e-01,9.8362276073007759e-01,9.5953372280232463e-01,8.7270385071123224e-01,7.2881067144290856e-01,5.3726289871232691e-01,3.1058522733495286e-01,6.3599383583088642e-02,-1.8754501998116310e-01,-4.2642645590063760e-01,-6.3742523286114716e-01,-8.0674481723458402e-01,-9.2331394418540469e-01,-9.7951053218714856e-01,-9.7166006649940106e-01,-9.0027586390729952e-01,-7.7002550858249030e-01],[
0.0000000000000000e+00,2.2423851357463748e-01,4.3381478958650144e-01,6.1502530718441351e-01,7.5602129152796516e-01,8.4758346719079614e-01,8.8372487702655533e-01,8.6208235010435308e-01,7.8407102188033173e-01,6.5479180302667728e-01,4.8269784723472120e-01,2.7904182659328025e-01,5.7140155433382793e-02,-1.6849772731649662e-01,-3.8311808382916523e-01,-5.7268757699926975e-01,-7.2481086537004835e-01,-8.2954109477552262e-01,-8.8003029124784915e-01,-8.7297712808257577e-01,-8.0884278900880258e-01,-6.9182081286355046e-01],[
0.0000000000000000e+00,1.7782746313906247e-01,3.4402735852374616e-01,4.8773240778071669e-01,5.9954619841335599e-01,6.7215758509290113e-01,7.0081874201420324e-01,6.8365560800505332e-01,6.2179042537856843e-01,5.1926836010590049e-01,3.8279300138094474e-01,2.2128803541260020e-01,4.5313754190169808e-02,-1.3362344815676272e-01,-3.0382344158450064e-01,-4.5415739413175998e-01,-5.7479545056600168e-01,-6.5784947510558456e-01,-6.9788883133158408e-01,-6.9229547409427361e-01,-6.4143513509281369e-01,-5.4863340885186807e-01],[
0.0000000000000000e+00,1.1471308440121544e-01,2.2192544794838692e-01,3.1462681787910679e-01,3.8675574878575403e-01,4.3359596109956428e-01,4.5208472349268636e-01,4.4101311506153346e-01,4.0110507278923907e-01,3.3497005562704979e-01,2.4693242033862825e-01,1.4274866567383790e-01,2.9231033369058076e-02,-8.6197922501999938e-02,-1.9599067254474425e-01,-2.9296822079574836e-01,-3.7078951625514395e-01,-4.2436607388403680e-01,-4.5019469432907799e-01,-4.4658652689799916e-01,-4.1377749809244063e-01,-3.5391288513031810e-01],[
0.0000000000000000e+00,4.0823709071187465e-02,7.8978086674495435e-02,1.1196834036967145e-01,1.3763734322421894e-01,1.5430668142842627e-01,1.6088640039390403e-01,1.5694627339005979e-01,1.4274393269083668e-01,1.1920802382621029e-01,8.7877484427936137e-02,5.0800918031171143e-02,1.0402642456503904e-02,-3.0675828560714075e-02,-6.9748505485641293e-02,-1.0426055122917016e-01,-1.3195533375516094e-01,-1.5102198001521439e-01,-1.6021378313220316e-01,-1.5892972056640806e-01,-1.4725375305269572e-01,-1.2594933467721847e-01],[
-0.0000000000000000e+00,-3.6900236032797726e-02,-7.1387683922245537e-02,-1.0120732000702871e-01,-1.2440933387616707e-01,-1.3947662022129514e-01,-1.4542397748940195e-01,-1.4186252705412861e-01,-1.2902514074252031e-01,-1.0775121409277141e-01,-7.9431780970827592e-02,-4.5918558325119339e-02,-9.4028683513404047e-03,2.7727645041221667e-02,6.3045136610860794e-02,9.4240308800879649e-02,1.1927340930392358e-01,1.3650760392653793e-01,1.4481600392988986e-01,1.4365534967194146e-01,1.3310153261391855e-01,1.1384463302094590e-01],[
-0.0000000000000000e+00,-1.1115814306815676e-01,-2.1504801149998706e-01,-3.0487657983777561e-01,-3.7477024596074260e-01,-4.2015888709875554e-01,-4.3807468550985684e-01,-4.2734618456849716e-01,-3.8867488655894994e-01,-3.2458938368974333e-01,-2.3928002155503569e-01,-1.3832490586917584e-01,-2.8325168015736781e-02,8.3526661772453187e-02,1.8991695090819222e-01,2.8388917943951719e-01,3.5929880458889674e-01,4.1121503270793347e-01,4.3624322806742105e-01,4.3274687720551819e-01,4.0095459529685640e-01,3.4294517773914202e-01],[
-0.0000000000000000e+00,-1.7497496904458895e-01,-3.3850888577941590e-01,-4.7990879162875111e-01,-5.8992900003381921e-01,-6.6137564225804379e-01,-6.8957705140239622e-01,-6.7268922772799178e-01,-6.1181641188771907e-01,-5.1093888216980299e-01,-3.7665269686008990e-01,-2.1773839913567450e-01,-4.4586885494276626e-02,1.3148002165771694e-01,2.9894987167812082e-01,4.4687234793105451e-01,5.6557527388841189e-01,6.4729704574700053e-01,6.8669413881991281e-01,6.8119050348610399e-01,6.3114600481708549e-01,5.3983289215351649e-01],[
-0.0000000000000000e+00,-2.2235640140386134e-01,-4.3017363052632207e-01,-6.0986318495333736e-01,-7.4967574075050225e-01,-8.4046940309039597e-01,-8.7630746544923632e-01,-8.5484659181521050e-01,-7.7749003991827159e-01,-6.4929590670558990e-01,-4.7864639559688510e-01,-2.7669973107358264e-01,-5.6660558149817082e-02,1.6708346703499979e-01,3.7990243992872841e-01,5.6788081012617486e-01,7.1872727460110719e-01,8.2257846660899092e-01,8.7264388961948680e-01,8.6564992611632430e-01,8.0205388895247365e-01,6.8601411912869692e-01],[
-0.0000000000000000e+00,-2.4885190361939655e-01,-4.8143217900396923e-01,-6.8253314752732197e-01,-8.3900546152571442e-01,-9.4061789798902062e-01,-9.8072634543519877e-01,-9.5670824106111940e-01,-8.7013405171713054e-01,-7.2666458611414753e-01,-5.3568085268886334e-01,-3.0967066553470668e-01,-6.3412106270373553e-02,1.8699276734322229e-01,4.2517078334168334e-01,6.3554824478450855e-01,8.0436924387354447e-01,9.2059511666668348e-01,9.7662622592646786e-01,9.6879887703694600e-01,8.9762487524992440e-01,7.6775806038024474e-01],[
-0.0000000000000000e+00,-2.5197275395931312e-01,-4.8746981728456390e-01,-6.9109279193624240e-01,-8.4952742435465500e-01,-9.5241418181878135e-01,-9.9302562908141800e-01,-9.6870631379390060e-01,-8.8104639802261697e-01,-7.3577768264905763e-01,-5.4239882328457034e-01,-3.1355424362971007e-01,-6.4207357142600743e-02,1.8933784259897596e-01,4.3050284777203585e-01,6.4351865178932166e-01,8.1445683408945280e-01,9.3214029490718786e-01,9.8887408999672088e-01,9.8094857836828797e-01,9.0888198382051344e-01,7.7738650994748615e-01],[
-0.0000000000000000e+00,-2.3142581104437907e-01,-4.4771943018470861e-01,-6.3473811103638100e-01,-7.8025330158301354e-01,-8.7475022999181495e-01,-9.1205004504229192e-01,-8.8971383140005633e-01,-8.0920208247212644e-01,-6.7577920342493547e-01,-4.9816928860656690e-01,-2.8798568098410243e-01,-5.8971612875818515e-02,1.7389841995351757e-01,3.9539779256707153e-01,5.9104337104866833e-01,7.4804251820109247e-01,8.5612956308314136e-01,9.0823704032387853e-01,9.0095780902711731e-01,8.3476783479237060e-01,7.1399506785009959e-01],[
