{
    "nx": 27,
    "ny": 27,
    "dx": 1.0101010101010102e-02,
    "dy": 1.0101010101010102e-02,
    "x0": 7.3737373737373746e-01,
    "y0": 0.0000000000000000e+00,
    "data": [ [
8.8688210202907924e-01,9.2894842923125132e-01,9.6154471402682407e-01,9.8433865788382380e-01,9.9709789094387491e-01,9.9969234088611170e-01,9.9209555893232271e-01,9.7438498947553576e-01,9.4674118058335432e-01,9.0944594342446183e-01,8.6287947938178355e-01,8.0751650413956144e-01,7.4392140825684439e-01,6.7274250356226473e-01,5.9470541402449606e-01,5.1060567847428295e-01,4.2130064058860528e-01,3.2770070881349816e-01,2.3076007532505005e-01,1.3146698864295667e-01,3.0833679061140980e-02,-7.0113960400648531e-02,-1.7034683232809825e-01,-2.6884312591038573e-01,-3.6459873365589029e-01,-4.5663748763377376e-01,-5.4402111088936977e-01],[
8.8037487142186277e-01,9.2213254960374580e-01,9.5448966896614773e-01,9.7711636911760180e-01,9.8978198514366045e-01,9.9235739908998033e-01,9.8481635623830299e-01,9.6723573275672159e-01,9.3979475199571072e-01,9.0277315741928610e-01,8.5654836079710839e-01,8.0159159472990338e-01,7.3846310873078880e-01,6.6780645783539738e-01,5.9034194196483480e-01,5.0685926292301120e-01,4.1820947388560625e-01,3.2529630345057675e-01,2.2906694269598557e-01,1.3050238916532736e-01,3.0607446217270639e-02,-6.9599520309831020e-02,-1.6909696369433996e-01,-2.6687057035484874e-01,-3.6192360013637298e-01,-4.5328704744658926e-01,-5.4002951965570756e-01],[
8.6094866929400382e-01,9.0178492965367973e-01,9.3342806232539599e-01,9.5555548556096237e-01,9.6794162425868846e-01,9.7046020955904377e-01,9.6308556607591611e-01,9.4589287364095276e-01,9.1905740089266963e-01,8.8285271852340030e-01,8.3764791039890796e-01,7.8390381098152551e-01,7.2216830741393334e-01,6.5307075415584115e-01,5.7731555711284566e-01,4.9567499266320975e-01,4.0898133478803500e-01,3.1811837056379388e-01,2.2401239051137353e-01,1.2762274564937864e-01,2.9932067516520153e-02,-6.8063749136175022e-02,-1.6536569886322530e-01,-2.6098184975413763e-01,-3.5393745555260447e-01,-4.4328489257883824e-01,-5.2811332015435286e-01],[
8.2888856347307316e-01,8.6820415846075205e-01,8.9866896050935130e-01,9.1997240020701576e-01,9.3189730244370239e-01,9.3432210037423158e-01,9.2722207471547957e-01,9.1066960574385425e-01,8.8483343542410053e-01,8.4997694719156613e-01,8.0645548092446306e-01,7.5471271047827782e-01,6.9527612071109668e-01,6.2875163010868917e-01,5.5581741382831629e-01,4.7721699013141788e-01,3.9375164068461999e-01,3.0627224199933417e-01,2.1567059128322261e-01,1.2287031513103891e-01,2.8817453734950815e-02,-6.5529183397587565e-02,-1.5920779190106618e-01,-2.5126337753985206e-01,-3.4075749177112552e-01,-4.2677779863495491e-01,-5.0844737544306629e-01],[
7.8466501672157596e-01,8.2188301363682470e-01,8.5072243242277368e-01,8.7088927342315381e-01,8.8217794843363584e-01,8.8447337654369795e-01,8.7775215731381151e-01,8.6208280932813897e-01,8.3762507169085332e-01,8.0462827558687922e-01,7.6342880250797074e-01,7.1444665505589600e-01,6.5818117528123898e-01,5.9520595420662936e-01,5.2616298442861409e-01,4.5175611540869515e-01,3.7274387817269256e-01,2.8993175256612047e-01,2.0416395589598399e-01,1.1631483666864942e-01,2.7279961159149213e-02,-6.2033016321245950e-02,-1.5071360638734826e-01,-2.3785776644417708e-01,-3.2257711683010631e-01,-4.0400799728632392e-01,-4.8132027142757833e-01],[
7.2892698297898773e-01,7.6350123011097093e-01,7.9029206451613032e-01,8.0902637056184012e-01,8.1951316383268225e-01,8.2164553809591057e-01,8.1540175514296176e-01,8.0084546639675780e-01,7.7812506402566028e-01,7.4747216817905315e-01,7.0919926576624059e-01,6.6369652484980457e-01,6.1142781712868699e-01,5.5292598905924684e-01,4.8878742982224721e-01,4.1966599151190731e-01,3.4626632352684206e-01,2.6933668911458863e-01,1.8966133730047635e-01,1.0805250796424479e-01,2.5342151567563091e-02,-5.7626552055368020e-02,-1.4000778938357336e-01,-2.2096173574384770e-01,-2.9966311679275903e-01,-3.7530962166725268e-01,-4.4713008203706361e-01],[
6.6249238435316471e-01,6.9391552542838475e-01,7.1826463607777935e-01,7.3529149249994319e-01,7.4482251664975041e-01,7.4676054575687179e-01,7.4108582283883984e-01,7.2785619811100388e-01,7.0720653924012944e-01,6.7934735645373323e-01,6.4456265652129696e-01,6.0320704748466047e-01,5.5570212365305072e-01,5.0253216771542075e-01,4.4423921378436643e-01,3.8141752170076126e-01,3.1470751893007459e-01,2.4478927180893573e-01,1.7237555269843044e-01,9.8204573720157312e-02,2.3032461149977940e-02,-5.2374452811706433e-02,-1.2724744231263144e-01,-2.0082322452312804e-01,-2.7235174082238434e-01,-3.4110380317227162e-01,-4.0637852772874972e-01],[
5.8633610860555130e-01,6.1414702793588716e-01,6.3569710628148424e-01,6.5076665420708713e-01,6.5920204719123410e-01,6.6091729173120473e-01,6.5589490199245737e-01,6.4418607806566641e-01,6.2591018401414145e-01,6.0125353103260548e-01,5.7046747812226151e-01,5.3386586964455918e-01,4.9182183587619405e-01,4.4476398918164339e-01,3.9317205458087273e-01,3.3757197925580873e-01,2.7853057085106153e-01,2.1664971922805520e-01,1.5256026057810490e-01,8.6915546445962652e-02,2.0384783223541814e-02,-4.6353789986498174e-02,-1.1261981558994699e-01,-1.7773775331693339e-01,-2.4104376692821930e-01,-3.0189249160631237e-01,-3.5966361304209005e-01],[
5.0157570325986633e-01,5.2536629233784649e-01,5.4380110394650638e-01,5.5669220682701714e-01,5.6390818432899836e-01,5.6537547412024880e-01,5.6107911810825362e-01,5.5106291492848825e-01,5.3542897344499829e-01,5.1433667181503295e-01,4.8800103272941542e-01,4.5669053139203963e-01,4.2072435858476998e-01,3.8046916671905318e-01,3.3633533204620497e-01,2.8877277113077021e-01,2.3826635423536069e-01,1.8533096237463337e-01,1.3050623842859632e-01,7.4351085824354346e-02,1.7437970868729651e-02,-3.9652913184098318e-02,-9.6339560836300353e-02,-1.5204408752479390e-01,-2.0619862078929832e-01,-2.5825108937334135e-01,-3.0767085124196425e-01],[
4.0945497626461519e-01,4.2887612251020729e-01,4.4392514761371338e-01,4.5444863627087745e-01,4.6033930816267149e-01,4.6153711161037647e-01,4.5802983576451195e-01,4.4985323508673242e-01,4.3709066485567755e-01,4.1987223141256269e-01,3.9837346580922128e-01,3.7281353437991471e-01,3.4345300447900790e-01,3.1059118816139231e-01,2.7456309088516717e-01,2.3573599634262349e-01,1.9450572223501525e-01,1.5129258516114352e-01,1.0653711575514595e-01,6.0695567754976830e-02,1.4235266783765009e-02,-3.2370153739695623e-02,-7.8645580994447545e-02,-1.2411926623244973e-01,-1.6832763395904732e-01,-2.1082000779229826e-01,-2.5116320482398558e-01],[
3.1132574385983885e-01,3.2609245363750239e-01,3.3753485684738938e-01,3.4553630541709696e-01,3.5001522963308168e-01,3.5092596969235901e-01,3.4825924117535167e-01,3.4204222969468168e-01,3.3233831375502343e-01,3.1924641864928521e-01,3.0290000797774153e-01,2.8346572307093715e-01,2.6114168418659456e-01,2.3615547079873886e-01,2.0876180156872648e-01,1.7923993764940324e-01,1.4789083579406095e-01,1.1503408029245996e-01,8.1004625010876699e-02,4.6149378749036345e-02,1.0823668724042545e-02,-2.4612381766134096e-02,-5.9797524572182160e-02,-9.4373069390130571e-02,-1.2798654038240312e-01,-1.6029526944632300e-01,-1.9096988949894905e-01],[
2.0862799348717467e-01,2.1852357421598315e-01,2.2619144514998682e-01,2.3155343718891200e-01,2.3455488821116571e-01,2.3516520031963356e-01,2.3337815176791230e-01,2.2921196038708369e-01,2.2270909786643533e-01,2.1393585678141799e-01,2.0298167478271747e-01,1.8995822283590366e-01,1.7499826680648239e-01,1.5825431399576473e-01,1.3989705842527192e-01,1.2011364071901667e-01,9.9105740323058342e-02,7.7087519510956798e-02,5.4283440134679770e-02,3.0925975377820766e-02,7.2532398383459941e-03,-1.6493437899310442e-02,-4.0071975456713017e-02,-6.3242004538349120e-02,-8.5767321334554530e-02,-1.0741829447014267e-01,-1.2797420595121173e-01],[
