{
    "nx": 27,
    "ny": 29,
    "dx": 1.0101010101010102e-02,
    "dy": 1.0101010101010102e-02,
    "x0": 7.3737373737373746e-01,
    "y0": 2.3232323232323235e-01,
    "data": [ [
-8.3197767984801618e-01,-8.7143979688174456e-01,-9.0201813568668820e-01,-9.2340096941548389e-01,-9.3537031358609535e-01,-9.3780414829590131e-01,-9.3067766213752190e-01,-9.1406350513544310e-01,-8.8813104812491150e-01,-8.5314465612326129e-01,-8.0946099329556864e-01,-7.5752538698879390e-01,-6.9786728790080454e-01,-6.3109487266496556e-01,-5.5788884387355819e-01,-4.7899549074486480e-01,-3.9521908117602095e-01,-3.0741366273988152e-01,-2.1647435620951755e-01,-1.2332823036740714e-01,-2.8924851124828899e-02,6.5773398702745053e-02,1.5980113028049733e-01,2.5219979028359851e-01,3.4202743274280950e-01,4.2836832158860910e-01,5.1034226600193333e-01],[
-8.6301877163428076e-01,-9.0395322047040572e-01,-9.3567243726343330e-01,-9.5785306463562003e-01,-9.7026898510271242e-01,-9.7279362619885490e-01,-9.6540125080292261e-01,-9.4816721951221250e-01,-9.2126722238876058e-01,-8.8497548791014413e-01,-8.3966198738338937e-01,-7.8578866332120745e-01,-7.2390472022989993e-01,-6.5464102581634909e-01,-5.7870367969027825e-01,-4.9686681512478609e-01,-4.0996470725664985e-01,-3.1888326817833945e-01,-2.2455101562386590e-01,-1.2792960731705272e-01,-3.0004037478522750e-02,6.8227404568142136e-02,1.6576331132541658e-01,2.6160936583867828e-01,3.5478847812942305e-01,4.4435074601036667e-01,5.2938313873817100e-01],[
-8.8139558222120118e-01,-9.2320167445312029e-01,-9.5559630881309976e-01,-9.7824924246797118e-01,-9.9092954306929171e-01,-9.9350794296274969e-01,-9.8595815699024181e-01,-9.6835715045045501e-01,-9.4088435448626606e-01,-9.0381983689758882e-01,-8.5754144702707891e-01,-8.0252096382477356e-01,-7.3931928635973132e-01,-6.6858071580834433e-01,-5.9102638721086131e-01,-5.0744691795520747e-01,-4.1869434793214877e-01,-3.2567345352686256e-01,-2.2933252399523779e-01,-1.3065369425397147e-01,-3.0642932635509362e-02,6.9680214323614362e-02,1.6929301551565032e-01,2.6717998135921650e-01,3.6234321607406778e-01,4.5381259059820339e-01,5.4065563244080317e-01],[
-8.8683844297065573e-01,-9.2890269934939729e-01,-9.6149737950879677e-01,-9.8429020127513278e-01,-9.9704880622903502e-01,-9.9964312845278325e-01,-9.9204672047017528e-01,-9.7433702286183910e-01,-9.4669457480743380e-01,-9.0940117360276151e-01,-8.6283700191435397e-01,-8.0747675205734948e-01,-7.4388478680721615e-01,-6.7270938607776498e-01,-5.9467613811695852e-01,-5.1058054259309094e-01,-4.2127990097818890e-01,-3.2768457690108410e-01,-2.3074871556529464e-01,-1.3146051684143445e-01,-3.0832161193780187e-02,7.0110508860149023e-02,1.7033844656601346e-01,2.6882989141426272e-01,3.6458078534305660e-01,4.5661500847594055e-01,5.4399433004735076e-01],[
-8.7926748317609027e-01,-9.2097263604916402e-01,-9.5328905468871228e-01,-9.7588729362142679e-01,-9.8853697807700569e-01,-9.9110915251340226e-01,-9.8357759523711552e-01,-9.6601908571678941e-01,-9.3861262186503358e-01,-9.0163759526777842e-01,-8.5547094296355464e-01,-8.0058330480849715e-01,-7.3753422560032822e-01,-6.6696645087260942e-01,-5.8959937451006117e-01,-5.0622170498236319e-01,-4.1768342495953492e-01,-3.2488712627557104e-01,-2.2877880857486180e-01,-1.3033823544343215e-01,-3.0568946338100554e-02,6.9511973864328738e-02,1.6888426340487292e-01,2.6653488456650232e-01,3.6146835095370217e-01,4.5271687584742420e-01,5.3935023817931660e-01],[
-8.5879380211707856e-01,-8.9952785345986896e-01,-9.3109178658066971e-01,-9.5316382712068082e-01,-9.6551896456980690e-01,-9.6803124610666325e-01,-9.6067506060802421e-01,-9.4352539973804539e-01,-9.1675709345562140e-01,-8.8064302773339609e-01,-8.3555136265766017e-01,-7.8194177926883823e-01,-7.2036079340367531e-01,-6.5143618431151551e-01,-5.7587059484143521e-01,-4.9443436844226923e-01,-4.0795769599777765e-01,-3.1732215255503965e-01,-2.2345171022373994e-01,-1.2730331886420870e-01,-2.9857150588102399e-02,6.7893392477081413e-02,1.6495180529514317e-01,2.6032863866053130e-01,3.5305158600793096e-01,4.4217539546348955e-01,5.2679150609053560e-01],[
-8.2571783874424309e-01,-8.6488304086278445e-01,-8.9523130673816198e-01,-9.1645325497118912e-01,-9.2833254120582553e-01,-9.3074806362321638e-01,-9.2367519749823479e-01,-9.0718604623299881e-01,-8.8144870630823557e-01,-8.4672555364584823e-01,-8.0337056885214109e-01,-7.5182572860914809e-01,-6.9261650000156905e-01,-6.2634648371177848e-01,-5.5369126069217511e-01,-4.7539150504414934e-01,-3.9224543331350498e-01,-3.0510066717702927e-01,-2.1484559247494153e-01,-1.2240030267846901e-01,-2.8707219118132760e-02,6.5278516406372014e-02,1.5859877869344274e-01,2.5030222662075047e-01,3.3945400146699389e-01,4.2514525720601115e-01,5.0650242561787984e-01],[
-7.8052496291842599e-01,-8.1754659003714891e-01,-8.4623384612579267e-01,-8.6629428273066400e-01,-8.7752339637302890e-01,-8.7980671333288751e-01,-8.7312095663623690e-01,-8.5753428334911541e-01,-8.3320558975937087e-01,-8.0038289152938225e-01,-7.5940079533305838e-01,-7.1067708775216920e-01,-6.5470847620607220e-01,-5.9206552533334234e-01,-5.2338684044571837e-01,-4.4937255735036813e-01,-3.7077720490761279e-01,-2.8840201308585101e-01,-2.0308674492816892e-01,-1.1570113569861666e-01,-2.7136026480604994e-02,6.1705717385179375e-02,1.4991841044256490e-01,2.3660278001099783e-01,3.2087513370242537e-01,4.0187636810696203e-01,4.7878072680943978e-01],[
-7.2387835290002844e-01,-7.5821313491670694e-01,-7.8481841299650490e-01,-8.0342296313631556e-01,-8.1383712370021266e-01,-8.1595472890001453e-01,-8.0975419108842928e-01,-7.9529872083148179e-01,-7.7273568251672353e-01,-7.4229509206639344e-01,-7.0428727207039687e-01,-6.5909968824353238e-01,-6.0719299945730265e-01,-5.4909636161371811e-01,-4.8540203323515324e-01,-4.1675933776285229e-01,-3.4386804411462468e-01,-2.6747123298279057e-01,-1.8834772159592722e-01,-1.0730412416922346e-01,-2.5166628982095530e-02,5.7227424089402977e-02,1.3903807972365415e-01,2.1943132996737835e-01,2.9758761641985243e-01,3.7271018511308862e-01,4.4403320891521225e-01],[
-6.5660926360706739e-01,-6.8775335825468553e-01,-7.1188624187808913e-01,-7.2876189497380883e-01,-7.3820828091911506e-01,-7.4012909977670616e-01,-7.3450477001173664e-01,-7.2139262811319438e-01,-7.0092634408461607e-01,-6.7331455876284119e-01,-6.3883875685648428e-01,-5.9785039738714429e-01,-5.5076733078670614e-01,-4.9806953917614416e-01,-4.4029424325101230e-01,-3.7803042565582540e-01,-3.1191282667806020e-01,-2.4261547347190685e-01,-1.7084480877721500e-01,-9.7332489182040252e-02,-2.2827926345917640e-02,5.1909352778589997e-02,1.2611744884336587e-01,1.9903985718730013e-01,2.6993317992340543e-01,3.3807470441066878e-01,4.0276977085287446e-01],[
-5.7970482844941873e-01,-6.0720121487827994e-01,-6.2850756849875955e-01,-6.4340668449521077e-01,-6.5174667579202528e-01,-6.5344252144641835e-01,-6.4847693338323231e-01,-6.3690053263594160e-01,-6.1883133329719442e-01,-5.9445353943968882e-01,-5.6401566727201735e-01,-5.2782801167290883e-01,-4.8625948293096105e-01,-4.3973384593729009e-01,-3.8872540017016505e-01,-3.3375414451145152e-01,-2.7538047618649514e-01,-2.1419947786842708e-01,-1.5083485118622555e-01,-8.5932558480617538e-02,-2.0154237626070725e-02,4.5829542949367807e-02,1.1134612028558473e-01,1.7572759426435647e-01,2.3831763642912379e-01,2.9847818083900268e-01,3.5559592874797219e-01],[
-4.9429357373997823e-01,-5.1773875902368705e-01,-5.3590592472179632e-01,-5.4860986805645995e-01,-5.5572108035063605e-01,-5.5716706728723531e-01,-5.5293308794288876e-01,-5.4306230506234954e-01,-5.2765534504157630e-01,-5.0686927210519339e-01,-4.8091598713594175e-01,-4.5006006747903715e-01,-4.1461606974327714e-01,-3.7494532309511952e-01,-3.3145224573608900e-01,-2.8458022211469119e-01,-2.3480708290204713e-01,-1.8264023381005939e-01,-1.2861148291070781e-01,-7.3271619188713194e-02,-1.7184797595772419e-02,3.9077212152786846e-02,9.4940854409056197e-02,1.4983663463006086e-01,2.0320492501486004e-01,2.5450166955645975e-01,3.0320393034911264e-01],[
