{
    "nx": 12,
    "ny": 12,
    "dx": 2.5641025641025640e-02,
    "dy": 2.5641025641025640e-02,
    "x0": 7.1794871794871795e-01,
    "y0": 7.1794871794871795e-01,
    "data": [ [
-5.3885704899682618e-01,-6.3051229653845453e-01,-6.8094036623839760e-01,-6.8684392827589513e-01,-6.4783696765432386e-01,-5.6647002448438055e-01,-4.4806342234249341e-01,-3.0035938936748563e-01,-1.3301581878178087e-01,4.3025229786161204e-02,2.1625299650407159e-01,3.7534067302133639e-01],[
-6.8477402762394590e-01,-8.0124857895215973e-01,-8.6533205425979087e-01,-8.7283424052843306e-01,-8.2326459384768724e-01,-7.1986431450892885e-01,-5.6939441530854973e-01,-3.8169364059493555e-01,-1.6903514231551511e-01,5.4676022045113688e-02,2.7481209659876310e-01,4.7697908911908277e-01],[
-7.6637020228544239e-01,-8.9672360627220882e-01,-9.6844312826557777e-01,-9.7683925863318533e-01,-9.2136300132571169e-01,-8.0564177096863254e-01,-6.3724220784823926e-01,-4.2717541955964600e-01,-1.8917699997937223e-01,6.1191097186133712e-02,3.0755810466652089e-01,5.3381487361968227e-01],[
-7.7598124673203173e-01,-9.0796941203355808e-01,-9.8058836815355521e-01,-9.8908979434542865e-01,-9.3291780960345594e-01,-8.1574531993976607e-01,-6.4523385883441753e-01,-4.3253262412166393e-01,-1.9154946768447353e-01,6.1958494395782070e-02,3.1141518914742000e-01,5.4050944298225556e-01],[
-7.1270439584585632e-01,-8.3392967803687290e-01,-9.0062697190373364e-01,-9.0843515521154450e-01,-8.5684367588444776e-01,-7.4922593536918880e-01,-5.9261871272860422e-01,-3.9726205221645905e-01,-1.7592969961012689e-01,5.6906132077072957e-02,2.8602105421135215e-01,4.9643397650649329e-01],[
-5.8248324234104720e-01,-6.8155895428544722e-01,-7.3606971107800834e-01,-7.4245122907682615e-01,-7.0028624127714678e-01,-6.1233178106317732e-01,-4.8433890863329654e-01,-3.2467666760981828e-01,-1.4378486010510969e-01,4.6508578471726347e-02,2.3376097019452871e-01,4.0572848144225832e-01],[
-3.9754945527757474e-01,-4.6516941831107356e-01,-5.0237344427163966e-01,-5.0672888116640380e-01,-4.7795094093901186e-01,-4.1792132084768613e-01,-3.3056516531365510e-01,-2.2159441331025845e-01,-9.8134312984201208e-02,3.1742475479394933e-02,1.5954372522803040e-01,2.7691292223223651e-01],[
-1.7527385975171805e-01,-2.0508653276588329e-01,-2.2148925484698526e-01,-2.2340950458023501e-01,-2.1072172299130690e-01,-1.8425552344516591e-01,-1.4574144588761903e-01,-9.7697802385839125e-02,-4.3266012775227007e-02,1.3994802713195051e-02,7.0340542915244803e-02,1.2208694050626527e-01],[
6.3465204186492694e-02,7.4260124677599126e-02,8.0199413671212028e-02,8.0894720099577253e-02,7.6300580104283089e-02,6.6717389772218569e-02,5.2771763198429550e-02,3.5375560199176342e-02,1.5666262721690694e-02,-5.0674014539347180e-03,-2.5469724493021588e-02,-4.4206663895631833e-02],[
2.9624298339069877e-01,3.4663153082771103e-01,3.7435495365823102e-01,3.7760050613615848e-01,3.5615597198920734e-01,3.1142354056064964e-01,2.4632812214314884e-01,1.6512609747108745e-01,7.3127006628994476e-02,-2.3653624753821906e-02,-1.1888762144024928e-01,-2.0634793767793577e-01],[
5.0119466801158719e-01,5.8644384763847723e-01,6.3334734402732562e-01,6.3883828790748409e-01,6.0255764406091061e-01,5.2687768748411978e-01,4.1674688793094783e-01,2.7936634533862553e-01,1.2371893298739564e-01,-4.0018063786940138e-02,-2.0113840765588181e-01,-3.4910695583622664e-01],[
6.5906915243309527e-01,7.7117151135326667e-01,8.3284943728529670e-01,8.4007000837299650e-01,7.9236109461987703e-01,6.9284222895611491e-01,5.4802063098051534e-01,3.6736572073109647e-01,1.6268994366485290e-01,-5.2623607283592291e-02,-2.6449626924690200e-01,-4.5907436805804275e-01]]}
