{
    "nx": 14,
    "ny": 14,
    "dx": 2.5641025641025640e-02,
    "dy": 2.5641025641025640e-02,
    "x0": 4.6153846153846151e-01,
    "y0": 4.6153846153846151e-01,
    "data": [ [
-8.0877078280793213e-02,-8.0228874196094993e-02,-7.4334761216868425e-02,-6.3580136496107359e-02,-4.8668210468275359e-02,-3.0574026173272931e-02,-1.0480704317746970e-02,1.0297917195193984e-02,3.0403190914704128e-02,4.8520497443603372e-02,6.3465204186492694e-02,7.4260124677599126e-02,8.0199413671212028e-02,8.0894720099577253e-02],[
-3.7751815762572649e-01,-3.7449246954422644e-01,-3.4697991938718242e-01,-2.9677946461256927e-01,-2.2717355203084386e-01,-1.4271348913052670e-01,-4.8921848671621269e-02,4.8068634643484223e-02,1.4191606403254653e-01,2.2648405693387849e-01,2.9624298339069877e-01,3.4663153082771103e-01,3.7435495365823102e-01,3.7760050613615848e-01],[
-9.8698537808878650e-01,-9.7907500388618007e-01,-9.0714605379351232e-01,-7.7590173127519824e-01,-5.9392368185168176e-01,-3.7311086680897698e-01,-1.2790152826458925e-01,1.2567088119996150e-01,3.7102607460513359e-01,5.9212106238763107e-01,7.7449915205904729e-01,9.0623522498396769e-01,9.7871548165925992e-01,9.8720067045039095e-01],[
-9.7951053218714856e-01,-9.7166006649940106e-01,-9.0027586390729952e-01,-7.7002550858249030e-01,-5.8942565371698796e-01,-3.7028514487272679e-01,-1.2693287742579659e-01,1.2471912396814540e-01,3.6821614165705552e-01,5.8763668623098286e-01,7.6863355167517833e-01,8.9937193317866404e-01,9.7130326708206249e-01,9.7972419405121725e-01],[
-8.8003029124784915e-01,-8.7297712808257577e-01,-8.0884278900880258e-01,-6.9182081286355046e-01,-5.2956289153040759e-01,-3.3267855033623817e-01,-1.1404142520093763e-01,1.1205250314643185e-01,3.3081967751900127e-01,5.2795561368498556e-01,6.9057022473581398e-01,8.0803066254742317e-01,8.7265656563343463e-01,8.8022225336187054e-01],[
-6.9788883133158408e-01,-6.9229547409427361e-01,-6.4143513509281369e-01,-5.4863340885186807e-01,-4.1995830275647217e-01,-2.6382346950129520e-01,-9.0438065312521868e-02,8.8860794050346956e-02,2.6234933095070506e-01,4.1868368611165618e-01,5.4764165720919944e-01,6.4079109591295558e-01,6.9204125903460478e-01,6.9804106269992072e-01],[
-4.5019469432907799e-01,-4.4658652689799916e-01,-4.1377749809244063e-01,-3.5391288513031810e-01,-2.7090704314564384e-01,-1.7018745805453500e-01,-5.8339860650011476e-02,5.7322393222722187e-02,1.6923651956062707e-01,2.7008481240481824e-01,3.5327312517489701e-01,4.1336204077503530e-01,4.4642253764076589e-01,4.5029289586384802e-01],[
-1.6021378313220316e-01,-1.5892972056640806e-01,-1.4725375305269572e-01,-1.2594933467721847e-01,-9.6409493062120238e-02,-6.0565743754943807e-02,-2.0761794618822497e-02,2.0399701711479947e-02,6.0227326942053371e-02,9.6116880334216850e-02,1.2572165904255278e-01,1.4710590149116040e-01,1.5887136061764512e-01,1.6024873076617815e-01],[
1.4481600392988986e-01,1.4365534967194146e-01,1.3310153261391855e-01,1.1384463302094590e-01,8.7143797825696465e-02,5.4744909046902629e-02,1.8766426160912661e-02,-1.8439133172334799e-02,-5.4439016697646746e-02,-8.6879307435883846e-02,-1.1363883876929103e-01,-1.3296789072682405e-01,-1.4360259856398952e-01,-1.4484759282692555e-01],[
4.3624322806742105e-01,4.3274687720551819e-01,4.0095459529685640e-01,3.4294517773914202e-01,2.6251167438608008e-01,1.6491337417679519e-01,5.6531917091766318e-02,-5.5545980827911373e-02,-1.6399190512462386e-01,-2.6171492445296818e-01,-3.4232524384907892e-01,-4.0055201293959602e-01,-4.3258796995084603e-01,-4.3633838635131222e-01],[
6.8669413881991281e-01,6.8119050348610399e-01,6.3114600481708549e-01,5.3983289215351649e-01,4.1322183721064609e-01,2.5959153099499455e-01,8.8987366738377330e-02,-8.7435396163066614e-02,-2.5814103880046080e-01,-4.1196766643165911e-01,-5.3885704899682618e-01,-6.3051229653845453e-01,-6.8094036623839760e-01,-6.8684392827589513e-01],[
8.7264388961948680e-01,8.6564992611632430e-01,8.0205388895247365e-01,6.8601411912869692e-01,5.2511808520587311e-01,3.2988626305889862e-01,1.1308423568464207e-01,-1.1111200734766874e-01,-3.2804299241051965e-01,-5.2352429780482856e-01,-6.8477402762394590e-01,-8.0124857895215973e-01,-8.6533205425979087e-01,-8.7283424052843306e-01],[
-7.3181844994226641e-01,-7.2595315759252099e-01,-6.7262011545088196e-01,-5.7530660017362178e-01,-4.4037563056744911e-01,-2.7664991018762403e-01,-9.4834939035356836e-02,9.3180984768713893e-02,2.7510410268840579e-01,4.3903904523264720e-01,5.7426663203359485e-01,6.7194476468848829e-01,7.2568658322914592e-01,7.3197808242097528e-01],[
-9.0175271690044001e-01,-8.9452545539560169e-01,-8.2880804193659030e-01,-7.0889752751962709e-01,-5.4263447628611983e-01,-3.4089029616790001e-01,-1.1685639237295420e-01,1.1481837631351759e-01,3.3898553944533433e-01,5.4098752483645085e-01,7.0761607021852579e-01,8.2797586916901755e-01,8.9419698027113803e-01,9.0194941735448386e-01]]}
