{
    "nx": 14,
    "ny": 12,
    "dx": 2.5641025641025640e-02,
    "dy": 2.5641025641025640e-02,
    "x0": 4.6153846153846151e-01,
    "y0": 0.0000000000000000e+00,
    "data": [ [
-9.9529876481249868e-01,-9.8732176145678074e-01,-9.1478695317003422e-01,-7.8243715854178963e-01,-5.9892630636995492e-01,-3.7625358299856115e-01,-1.2897884398843140e-01,1.2672940816349976e-01,3.7415123057121913e-01,5.9710850342593269e-01,7.8102276538827620e-01,9.1386845244122827e-01,9.8695921097090700e-01,9.9551587058360280e-01],[
-9.4855457318415681e-01,-9.4095220967193327e-01,-8.7182399757333684e-01,-7.4569000907365690e-01,-5.7079774133402184e-01,-3.5858283909097849e-01,-1.2292135450633299e-01,1.2077756340133232e-01,3.5657922361399580e-01,5.6906531147812356e-01,7.4434204287347960e-01,8.7094863421754487e-01,9.4060668636421529e-01,9.4876148258596260e-01],[
-8.1271267882288056e-01,-8.0619904493182881e-01,-7.4697063991945922e-01,-6.3890021932143704e-01,-4.8905416150005737e-01,-3.0723041981577637e-01,-1.0531786586619919e-01,1.0348108571560315e-01,3.0551374083107291e-01,4.8756983181691266e-01,6.3774529449952466e-01,7.4622063679055017e-01,8.0590300379624225e-01,8.1288995686145538e-01],[
-6.0053270680944015e-01,-5.9571962797643296e-01,-5.5195435236439128e-01,-4.7209855104754112e-01,-3.6137373888079438e-01,-2.2701985638196068e-01,-7.7821873230312810e-02,7.6464632738815957e-02,2.2575136149530525e-01,3.6027693241321529e-01,4.7124514965792702e-01,5.5140015723386659e-01,5.9550087614800296e-01,6.0066370176391470e-01],[
-3.3194471557882399e-01,-3.2928428415491484e-01,-3.0509300897449754e-01,-2.6095267997181382e-01,-1.9974949175999790e-01,-1.2548532461757800e-01,-4.3016074365862342e-02,4.2265859092300316e-02,1.2478416351579369e-01,1.9914323150673063e-01,2.6048096198153975e-01,3.0478667737441778e-01,3.2916336898635340e-01,3.3201712309703613e-01],[
-3.2177167126603096e-02,-3.1919277355992592e-02,-2.9574288362483245e-02,-2.5295531459045419e-02,-1.9362780843213117e-02,-1.2163960059177498e-02,-4.1697769207959005e-03,4.0970545634110515e-03,1.2095992783616427e-02,1.9304012811742634e-02,2.5249805324851032e-02,2.9544594010896000e-02,3.1907556405471785e-02,3.2184185972529505e-02],[
2.7061278167292790e-01,2.6844390621178760e-01,2.4872234427225598e-01,2.1273762556828252e-01,1.6284267549995299e-01,1.0229996490433491e-01,3.5068187545920795e-02,-3.4456586178270993e-02,-1.0172835418950896e-01,-1.6234843123018566e-01,-2.1235306479197780e-01,-2.4847261218579283e-01,-2.6834533199573535e-01,-2.7067181077927549e-01],[
5.4798407997110687e-01,5.4359216168551250e-01,5.0365649453698402e-01,4.3078834377886827e-01,3.2975232419630501e-01,2.0715485721932031e-01,7.1012198203674437e-02,-6.9773720809189352e-02,-2.0599735989148119e-01,-3.2875149197479969e-01,-4.3000961787429881e-01,-5.0315079333989443e-01,-5.4339255137605724e-01,-5.4810361242753192e-01],[
7.7388325000179925e-01,7.6768082164516283e-01,7.1128220531031827e-01,6.0837512572274155e-01,4.6568834692814193e-01,2.9255169998186631e-01,1.0028603520476194e-01,-9.8537011928121462e-02,-2.9091703973045213e-01,-4.6427493489557725e-01,-6.0727538039086881e-01,-7.1056803550094316e-01,-7.6739892463271098e-01,-7.7405205812823941e-01],[
9.2709158946994563e-01,9.1966124495258572e-01,8.5209719977955078e-01,7.2881725027510691e-01,5.5788227713965743e-01,3.5046917030145375e-01,1.2014000791386235e-01,-1.1804472445921103e-01,-3.4851089071506475e-01,-5.5618904704604410e-01,-7.2749978456211251e-01,-8.5124164330675789e-01,-9.1932353981509862e-01,-9.2729381712412540e-01],[
-7.3181844994226641e-01,-7.2595315759252099e-01,-6.7262011545088196e-01,-5.7530660017362178e-01,-4.4037563056744911e-01,-2.7664991018762403e-01,-9.4834939035356836e-02,9.3180984768713893e-02,2.7510410268840579e-01,4.3903904523264720e-01,5.7426663203359485e-01,6.7194476468848829e-01,7.2568658322914592e-01,7.3197808242097528e-01],[
-9.0175271690044001e-01,-8.9452545539560169e-01,-8.2880804193659030e-01,-7.0889752751962709e-01,-5.4263447628611983e-01,-3.4089029616790001e-01,-1.1685639237295420e-01,1.1481837631351759e-01,3.3898553944533433e-01,5.4098752483645085e-01,7.0761607021852579e-01,8.2797586916901755e-01,8.9419698027113803e-01,9.0194941735448386e-01]]}
