{
    "nx": 6,
    "ny": 6,
    "dx": 1.1111111111111110e-01,
    "dy": 1.1111111111111110e-01,
    "x0": 0.0000000000000000e+00,
    "y0": 4.4444444444444442e-01,
    "data": [ [
0.0000000000000000e+00,                -nan,                -nan,                -nan,                -nan,                -nan],[
0.0000000000000000e+00,                -nan,                -nan,                -nan,                -nan,                -nan],[
0.0000000000000000e+00,                -nan,                -nan,                -nan,                -nan,                -nan],[
0.0000000000000000e+00,                -nan,                -nan,                -nan,                -nan,                -nan],[
0.0000000000000000e+00,                -nan,                -nan,                -nan,                -nan,                -nan],[
0.0000000000000000e+00,0.0000000000000000e+00,0.0000000000000000e+00,0.0000000000000000e+00,0.0000000000000000e+00,0.0000000000000000e+00]]}
